id,usuario,conjunto de palabras
SP000000,Luis,La tortuga sabia enseno a los demas animales que la paciencia ayuda a llegar lejos
SP000001,Juan,Un pez dorado nado feliz en el lago claro mientras saludaba a sus amigos
SP000002,Jose,El perro pequeno corrio junto a su dueno y jugo con una pelota azul bajo el sol
SP000003,Mario,El pajarito canto suave en la manana y lleno el aire con sonidos alegres
SP000004,Pablo,La nina leyo un cuento bonito y aprendio que ayudar a otros siempre trae alegria al corazon
SP000005,Diego,La tortuga sabia enseno a los demas animales que la paciencia ayuda a llegar lejos
SP000006,Leo,Un pez dorado nado feliz en el lago claro mientras saludaba a sus amigos
SP000007,Alex,La gatita blanca encontro un lugar tranquilo donde dormir y sonar con aventuras bonitas
SP000008,Tania,El pequeno raton encontro un queso grande y lo compartio con sus nuevos amigos
SP000009,Eva,El amigo fiel compartio su comida y mostro que la amistad hace los dias mejores
SP000010,Sara,La familia camino junta por el parque y disfruto de una tarde llena de risas
SP000011,Laura,El nino ayudo a recoger los juguetes y dejo su habitacion limpia y ordenada
SP000012,Rosa,El perro pequeno corrio junto a su dueno y jugo con una pelota azul bajo el sol
SP000013,Sofia,Un osito curioso camino por el bosque y encontro una estrella brillante que iluminaba su noche
SP000014,Maria,La nina sonrio contenta al ver que su dibujo estaba lleno de colores bonitos
SP000015,Luis,El pequeno raton encontro un queso grande y lo compartio con sus nuevos amigos
SP000016,Juan,El pequeno raton encontro un queso grande y lo compartio con sus nuevos amigos
SP000017,Jose,Un pez dorado nado feliz en el lago claro mientras saludaba a sus amigos
SP000018,Mario,El pequeno raton encontro un queso grande y lo compartio con sus nuevos amigos
SP000019,Pablo,Un pez dorado nado feliz en el lago claro mientras saludaba a sus amigos
SP000020,Diego,Un osito curioso camino por el bosque y encontro una estrella brillante que iluminaba su noche
SP000021,Leo,El nino ayudo a recoger los juguetes y dejo su habitacion limpia y ordenada
SP000022,Alex,La tortuga sabia enseno a los demas animales que la paciencia ayuda a llegar lejos
SP000023,Tania,Un osito curioso camino por el bosque y encontro una estrella brillante que iluminaba su noche
SP000024,Eva,La nina sonrio contenta al ver que su dibujo estaba lleno de colores bonitos
SP000025,Sara,El pequeno conejo salto feliz por el campo verde mientras buscaba flores para su mejor amiga
SP000026,Laura,Un pez dorado nado feliz en el lago claro mientras saludaba a sus amigos
SP000027,Rosa,Un pez dorado nado feliz en el lago claro mientras saludaba a sus amigos
SP000028,Sofia,La nina leyo un cuento bonito y aprendio que ayudar a otros siempre trae alegria al corazon
SP000029,Maria,La tortuga sabia enseno a los demas animales que la paciencia ayuda a llegar lejos
SP000030,Luis,El nino ayudo a recoger los juguetes y dejo su habitacion limpia y ordenada
SP000031,Juan,El pequeno raton encontro un queso grande y lo compartio con sus nuevos amigos
SP000032,Jose,La familia camino junta por el parque y disfruto de una tarde llena de risas
SP000033,Mario,El pequeno conejo salto feliz por el campo verde mientras buscaba flores para su mejor amiga
SP000034,Pablo,El cachorro jugo con la pelota roja y corrio feliz por todo el jardin
SP000035,Diego,La nina sonrio contenta al ver que su dibujo estaba lleno de colores bonitos
SP000036,Leo,El pequeno conejo salto feliz por el campo verde mientras buscaba flores para su mejor amiga
SP000037,Alex,Un osito curioso camino por el bosque y encontro una estrella brillante que iluminaba su noche
SP000038,Tania,La gatita blanca encontro un lugar tranquilo donde dormir y sonar con aventuras bonitas
SP000039,Eva,La familia camino junta por el parque y disfruto de una tarde llena de risas
SP000040,Sara,La nina leyo un cuento bonito y aprendio que ayudar a otros siempre trae alegria al corazon
SP000041,Laura,Un nino valiente ayudo a su hermana y juntos lograron construir una casa de arena
SP000042,Rosa,Un pez dorado nado feliz en el lago claro mientras saludaba a sus amigos
SP000043,Sofia,La familia camino junta por el parque y disfruto de una tarde llena de risas
SP000044,Maria,La nina sonrio contenta al ver que su dibujo estaba lleno de colores bonitos
SP000045,Luis,La gatita blanca encontro un lugar tranquilo donde dormir y sonar con aventuras bonitas
SP000046,Juan,El pajarito canto suave en la manana y lleno el aire con sonidos alegres
SP000047,Jose,Un nino valiente ayudo a su hermana y juntos lograron construir una casa de arena
SP000048,Mario,Un pez dorado nado feliz en el lago claro mientras saludaba a sus amigos
SP000049,Pablo,El pequeno conejo salto feliz por el campo verde mientras buscaba flores para su mejor amiga
SP000050,Diego,Un nino valiente ayudo a su hermana y juntos lograron construir una casa de arena
SP000051,Leo,El nino ayudo a recoger los juguetes y dejo su habitacion limpia y ordenada
SP000052,Alex,La nina sonrio contenta al ver que su dibujo estaba lleno de colores bonitos
SP000053,Tania,La gatita blanca encontro un lugar tranquilo donde dormir y sonar con aventuras bonitas
SP000054,Eva,Un pez dorado nado feliz en el lago claro mientras saludaba a sus amigos
SP000055,Sara,La nina sonrio contenta al ver que su dibujo estaba lleno de colores bonitos
SP000056,Laura,La nina leyo un cuento bonito y aprendio que ayudar a otros siempre trae alegria al corazon
SP000057,Rosa,El perro pequeno corrio junto a su dueno y jugo con una pelota azul bajo el sol
SP000058,Sofia,Un osito curioso camino por el bosque y encontro una estrella brillante que iluminaba su noche
SP000059,Maria,El pequeno conejo salto feliz por el campo verde mientras buscaba flores para su mejor amiga
SP000060,Luis,El nino ayudo a recoger los juguetes y dejo su habitacion limpia y ordenada
SP000061,Juan,Un nino valiente ayudo a su hermana y juntos lograron construir una casa de arena
SP000062,Jose,La nina leyo un cuento bonito y aprendio que ayudar a otros siempre trae alegria al corazon
SP000063,Mario,El perro pequeno corrio junto a su dueno y jugo con una pelota azul bajo el sol
SP000064,Pablo,El cachorro jugo con la pelota roja y corrio feliz por todo el jardin
SP000065,Diego,El amigo fiel compartio su comida y mostro que la amistad hace los dias mejores
SP000066,Leo,La tortuga sabia enseno a los demas animales que la paciencia ayuda a llegar lejos
SP000067,Alex,Un nino valiente ayudo a su hermana y juntos lograron construir una casa de arena
SP000068,Tania,El pequeno raton encontro un queso grande y lo compartio con sus nuevos amigos
SP000069,Eva,Un osito curioso camino por el bosque y encontro una estrella brillante que iluminaba su noche
SP000070,Sara,El pajarito canto suave en la manana y lleno el aire con sonidos alegres
SP000071,Laura,El perro pequeno corrio junto a su dueno y jugo con una pelota azul bajo el sol
SP000072,Rosa,La nina leyo un cuento bonito y aprendio que ayudar a otros siempre trae alegria al corazon
SP000073,Sofia,Un osito curioso camino por el bosque y encontro una estrella brillante que iluminaba su noche
SP000074,Maria,El amigo fiel compartio su comida y mostro que la amistad hace los dias mejores
SP000075,Luis,La nina sonrio contenta al ver que su dibujo estaba lleno de colores bonitos
SP000076,Juan,La gatita blanca encontro un lugar tranquilo donde dormir y sonar con aventuras bonitas
SP000077,Jose,Un osito curioso camino por el bosque y encontro una estrella brillante que iluminaba su noche
SP000078,Mario,El pajarito canto suave en la manana y lleno el aire con sonidos alegres
SP000079,Pablo,El cachorro jugo con la pelota roja y corrio feliz por todo el jardin
SP000080,Diego,La familia camino junta por el parque y disfruto de una tarde llena de risas
SP000081,Leo,Un nino valiente ayudo a su hermana y juntos lograron construir una casa de arena
SP000082,Alex,La nina sonrio contenta al ver que su dibujo estaba lleno de colores bonitos
SP000083,Tania,La tortuga sabia enseno a los demas animales que la paciencia ayuda a llegar lejos
SP000084,Eva,El amigo fiel compartio su comida y mostro que la amistad hace los dias mejores
SP000085,Sara,La nina leyo un cuento bonito y aprendio que ayudar a otros siempre trae alegria al corazon
SP000086,Laura,Un nino valiente ayudo a su hermana y juntos lograron construir una casa de arena
SP000087,Rosa,El perro pequeno corrio junto a su dueno y jugo con una pelota azul bajo el sol
SP000088,Sofia,El pequeno conejo salto feliz por el campo verde mientras buscaba flores para su mejor amiga
SP000089,Maria,Un nino valiente ayudo a su hermana y juntos lograron construir una casa de arena
SP000090,Luis,El cachorro jugo con la pelota roja y corrio feliz por todo el jardin
SP000091,Juan,El pequeno raton encontro un queso grande y lo compartio con sus nuevos amigos
SP000092,Jose,El pajarito canto suave en la manana y lleno el aire con sonidos alegres
SP000093,Mario,El nino ayudo a recoger los juguetes y dejo su habitacion limpia y ordenada
SP000094,Pablo,El pequeno raton encontro un queso grande y lo compartio con sus nuevos amigos
SP000095,Diego,El pequeno raton encontro un queso grande y lo compartio con sus nuevos amigos
SP000096,Leo,El pequeno conejo salto feliz por el campo verde mientras buscaba flores para su mejor amiga
SP000097,Alex,La nina leyo un cuento bonito y aprendio que ayudar a otros siempre trae alegria al corazon
SP000098,Tania,El pequeno raton encontro un queso grande y lo compartio con sus nuevos amigos
SP000099,Eva,La tortuga sabia enseno a los demas animales que la paciencia ayuda a llegar lejos
SP000100,Sara,La nina sonrio contenta al ver que su dibujo estaba lleno de colores bonitos
SP000101,Laura,El cachorro jugo con la pelota roja y corrio feliz por todo el jardin
SP000102,Rosa,El pajarito canto suave en la manana y lleno el aire con sonidos alegres
SP000103,Sofia,La nina leyo un cuento bonito y aprendio que ayudar a otros siempre trae alegria al corazon
SP000104,Maria,Un pez dorado nado feliz en el lago claro mientras saludaba a sus amigos
SP000105,Luis,Un pez dorado nado feliz en el lago claro mientras saludaba a sus amigos
SP000106,Juan,El nino ayudo a recoger los juguetes y dejo su habitacion limpia y ordenada
SP000107,Jose,La nina leyo un cuento bonito y aprendio que ayudar a otros siempre trae alegria al corazon
SP000108,Mario,Un pez dorado nado feliz en el lago claro mientras saludaba a sus amigos
SP000109,Pablo,Un osito curioso camino por el bosque y encontro una estrella brillante que iluminaba su noche
SP000110,Diego,El cachorro jugo con la pelota roja y corrio feliz por todo el jardin
SP000111,Leo,El nino ayudo a recoger los juguetes y dejo su habitacion limpia y ordenada
SP000112,Alex,La familia camino junta por el parque y disfruto de una tarde llena de risas
SP000113,Tania,El cachorro jugo con la pelota roja y corrio feliz por todo el jardin
SP000114,Eva,La gatita blanca encontro un lugar tranquilo donde dormir y sonar con aventuras bonitas
SP000115,Sara,La tortuga sabia enseno a los demas animales que la paciencia ayuda a llegar lejos
SP000116,Laura,El pequeno raton encontro un queso grande y lo compartio con sus nuevos amigos
SP000117,Rosa,La familia camino junta por el parque y disfruto de una tarde llena de risas
SP000118,Sofia,La nina sonrio contenta al ver que su dibujo estaba lleno de colores bonitos
SP000119,Maria,El pequeno raton encontro un queso grande y lo compartio con sus nuevos amigos
SP000120,Luis,La gatita blanca encontro un lugar tranquilo donde dormir y sonar con aventuras bonitas
SP000121,Juan,El pequeno conejo salto feliz por el campo verde mientras buscaba flores para su mejor amiga
SP000122,Jose,El amigo fiel compartio su comida y mostro que la amistad hace los dias mejores
SP000123,Mario,Un nino valiente ayudo a su hermana y juntos lograron construir una casa de arena
SP000124,Pablo,La familia camino junta por el parque y disfruto de una tarde llena de risas
SP000125,Diego,El cachorro jugo con la pelota roja y corrio feliz por todo el jardin
SP000126,Leo,El pequeno conejo salto feliz por el campo verde mientras buscaba flores para su mejor amiga
SP000127,Alex,La nina leyo un cuento bonito y aprendio que ayudar a otros siempre trae alegria al corazon
SP000128,Tania,La nina sonrio contenta al ver que su dibujo estaba lleno de colores bonitos
SP000129,Eva,Un osito curioso camino por el bosque y encontro una estrella brillante que iluminaba su noche
SP000130,Sara,El pequeno conejo salto feliz por el campo verde mientras buscaba flores para su mejor amiga
SP000131,Laura,El nino ayudo a recoger los juguetes y dejo su habitacion limpia y ordenada
SP000132,Rosa,El cachorro jugo con la pelota roja y corrio feliz por todo el jardin
SP000133,Sofia,El pequeno conejo salto feliz por el campo verde mientras buscaba flores para su mejor amiga
SP000134,Maria,La nina sonrio contenta al ver que su dibujo estaba lleno de colores bonitos
SP000135,Luis,El pequeno conejo salto feliz por el campo verde mientras buscaba flores para su mejor amiga
SP000136,Juan,La nina sonrio contenta al ver que su dibujo estaba lleno de colores bonitos
SP000137,Jose,Un pez dorado nado feliz en el lago claro mientras saludaba a sus amigos
SP000138,Mario,La tortuga sabia enseno a los demas animales que la paciencia ayuda a llegar lejos
SP000139,Pablo,El amigo fiel compartio su comida y mostro que la amistad hace los dias mejores
SP000140,Diego,La tortuga sabia enseno a los demas animales que la paciencia ayuda a llegar lejos
SP000141,Leo,Un pez dorado nado feliz en el lago claro mientras saludaba a sus amigos
SP000142,Alex,El cachorro jugo con la pelota roja y corrio feliz por todo el jardin
SP000143,Tania,La nina sonrio contenta al ver que su dibujo estaba lleno de colores bonitos
SP000144,Eva,La nina sonrio contenta al ver que su dibujo estaba lleno de colores bonitos
SP000145,Sara,La gatita blanca encontro un lugar tranquilo donde dormir y sonar con aventuras bonitas
SP000146,Laura,Un pez dorado nado feliz en el lago claro mientras saludaba a sus amigos
SP000147,Rosa,El perro pequeno corrio junto a su dueno y jugo con una pelota azul bajo el sol
SP000148,Sofia,La nina leyo un cuento bonito y aprendio que ayudar a otros siempre trae alegria al corazon
SP000149,Maria,La tortuga sabia enseno a los demas animales que la paciencia ayuda a llegar lejos
SP000150,Luis,Un osito curioso camino por el bosque y encontro una estrella brillante que iluminaba su noche
SP000151,Juan,El pajarito canto suave en la manana y lleno el aire con sonidos alegres
SP000152,Jose,Un osito curioso camino por el bosque y encontro una estrella brillante que iluminaba su noche
SP000153,Mario,Un pez dorado nado feliz en el lago claro mientras saludaba a sus amigos
SP000154,Pablo,El pequeno raton encontro un queso grande y lo compartio con sus nuevos amigos
SP000155,Diego,Un osito curioso camino por el bosque y encontro una estrella brillante que iluminaba su noche
SP000156,Leo,El pequeno raton encontro un queso grande y lo compartio con sus nuevos amigos
SP000157,Alex,El perro pequeno corrio junto a su dueno y jugo con una pelota azul bajo el sol
SP000158,Tania,La gatita blanca encontro un lugar tranquilo donde dormir y sonar con aventuras bonitas
SP000159,Eva,La familia camino junta por el parque y disfruto de una tarde llena de risas
SP000160,Sara,La nina leyo un cuento bonito y aprendio que ayudar a otros siempre trae alegria al corazon
SP000161,Laura,La tortuga sabia enseno a los demas animales que la paciencia ayuda a llegar lejos
SP000162,Rosa,Un osito curioso camino por el bosque y encontro una estrella brillante que iluminaba su noche
SP000163,Sofia,El cachorro jugo con la pelota roja y corrio feliz por todo el jardin
SP000164,Maria,El pajarito canto suave en la manana y lleno el aire con sonidos alegres
SP000165,Luis,El perro pequeno corrio junto a su dueno y jugo con una pelota azul bajo el sol
SP000166,Juan,La nina sonrio contenta al ver que su dibujo estaba lleno de colores bonitos
SP000167,Jose,El perro pequeno corrio junto a su dueno y jugo con una pelota azul bajo el sol
SP000168,Mario,El nino ayudo a recoger los juguetes y dejo su habitacion limpia y ordenada
SP000169,Pablo,La gatita blanca encontro un lugar tranquilo donde dormir y sonar con aventuras bonitas
SP000170,Diego,El amigo fiel compartio su comida y mostro que la amistad hace los dias mejores
SP000171,Leo,Un osito curioso camino por el bosque y encontro una estrella brillante que iluminaba su noche
SP000172,Alex,El cachorro jugo con la pelota roja y corrio feliz por todo el jardin
SP000173,Tania,El cachorro jugo con la pelota roja y corrio feliz por todo el jardin
SP000174,Eva,La nina sonrio contenta al ver que su dibujo estaba lleno de colores bonitos
SP000175,Sara,La gatita blanca encontro un lugar tranquilo donde dormir y sonar con aventuras bonitas
SP000176,Laura,La nina leyo un cuento bonito y aprendio que ayudar a otros siempre trae alegria al corazon
SP000177,Rosa,El nino ayudo a recoger los juguetes y dejo su habitacion limpia y ordenada
SP000178,Sofia,La nina sonrio contenta al ver que su dibujo estaba lleno de colores bonitos
SP000179,Maria,El nino ayudo a recoger los juguetes y dejo su habitacion limpia y ordenada
SP000180,Luis,El cachorro jugo con la pelota roja y corrio feliz por todo el jardin
SP000181,Juan,La tortuga sabia enseno a los demas animales que la paciencia ayuda a llegar lejos
SP000182,Jose,La tortuga sabia enseno a los demas animales que la paciencia ayuda a llegar lejos
SP000183,Mario,La nina leyo un cuento bonito y aprendio que ayudar a otros siempre trae alegria al corazon
SP000184,Pablo,El amigo fiel compartio su comida y mostro que la amistad hace los dias mejores
SP000185,Diego,La gatita blanca encontro un lugar tranquilo donde dormir y sonar con aventuras bonitas
SP000186,Leo,El cachorro jugo con la pelota roja y corrio feliz por todo el jardin
SP000187,Alex,Un pez dorado nado feliz en el lago claro mientras saludaba a sus amigos
SP000188,Tania,La nina sonrio contenta al ver que su dibujo estaba lleno de colores bonitos
SP000189,Eva,Un osito curioso camino por el bosque y encontro una estrella brillante que iluminaba su noche
SP000190,Sara,La gatita blanca encontro un lugar tranquilo donde dormir y sonar con aventuras bonitas
SP000191,Laura,El pequeno conejo salto feliz por el campo verde mientras buscaba flores para su mejor amiga
SP000192,Rosa,La familia camino junta por el parque y disfruto de una tarde llena de risas
SP000193,Sofia,El nino ayudo a recoger los juguetes y dejo su habitacion limpia y ordenada
SP000194,Maria,El pajarito canto suave en la manana y lleno el aire con sonidos alegres
SP000195,Luis,El nino ayudo a recoger los juguetes y dejo su habitacion limpia y ordenada
SP000196,Juan,Un osito curioso camino por el bosque y encontro una estrella brillante que iluminaba su noche
SP000197,Jose,Un nino valiente ayudo a su hermana y juntos lograron construir una casa de arena
SP000198,Mario,La nina leyo un cuento bonito y aprendio que ayudar a otros siempre trae alegria al corazon
SP000199,Pablo,Un osito curioso camino por el bosque y encontro una estrella brillante que iluminaba su noche
SP000200,Diego,La gatita blanca encontro un lugar tranquilo donde dormir y sonar con aventuras bonitas
SP000201,Leo,La nina sonrio contenta al ver que su dibujo estaba lleno de colores bonitos
SP000202,Alex,La tortuga sabia enseno a los demas animales que la paciencia ayuda a llegar lejos
SP000203,Tania,La nina sonrio contenta al ver que su dibujo estaba lleno de colores bonitos
SP000204,Eva,La nina sonrio contenta al ver que su dibujo estaba lleno de colores bonitos
SP000205,Sara,La nina sonrio contenta al ver que su dibujo estaba lleno de colores bonitos
SP000206,Laura,Un osito curioso camino por el bosque y encontro una estrella brillante que iluminaba su noche
SP000207,Rosa,Un osito curioso camino por el bosque y encontro una estrella brillante que iluminaba su noche
SP000208,Sofia,El cachorro jugo con la pelota roja y corrio feliz por todo el jardin
SP000209,Maria,La nina sonrio contenta al ver que su dibujo estaba lleno de colores bonitos
SP000210,Luis,El pajarito canto suave en la manana y lleno el aire con sonidos alegres
SP000211,Juan,El pequeno raton encontro un queso grande y lo compartio con sus nuevos amigos
SP000212,Jose,La nina leyo un cuento bonito y aprendio que ayudar a otros siempre trae alegria al corazon
SP000213,Mario,El pajarito canto suave en la manana y lleno el aire con sonidos alegres
SP000214,Pablo,El perro pequeno corrio junto a su dueno y jugo con una pelota azul bajo el sol
SP000215,Diego,El nino ayudo a recoger los juguetes y dejo su habitacion limpia y ordenada
SP000216,Leo,El pequeno raton encontro un queso grande y lo compartio con sus nuevos amigos
SP000217,Alex,El pajarito canto suave en la manana y lleno el aire con sonidos alegres
SP000218,Tania,El amigo fiel compartio su comida y mostro que la amistad hace los dias mejores
SP000219,Eva,El pequeno raton encontro un queso grande y lo compartio con sus nuevos amigos
SP000220,Sara,Un osito curioso camino por el bosque y encontro una estrella brillante que iluminaba su noche
SP000221,Laura,El pajarito canto suave en la manana y lleno el aire con sonidos alegres
SP000222,Rosa,La nina leyo un cuento bonito y aprendio que ayudar a otros siempre trae alegria al corazon
SP000223,Sofia,El cachorro jugo con la pelota roja y corrio feliz por todo el jardin
SP000224,Maria,La gatita blanca encontro un lugar tranquilo donde dormir y sonar con aventuras bonitas
SP000225,Luis,La nina sonrio contenta al ver que su dibujo estaba lleno de colores bonitos
SP000226,Juan,El nino ayudo a recoger los juguetes y dejo su habitacion limpia y ordenada
SP000227,Jose,El perro pequeno corrio junto a su dueno y jugo con una pelota azul bajo el sol
SP000228,Mario,El pequeno raton encontro un queso grande y lo compartio con sus nuevos amigos
SP000229,Pablo,La nina sonrio contenta al ver que su dibujo estaba lleno de colores bonitos
SP000230,Diego,El nino ayudo a recoger los juguetes y dejo su habitacion limpia y ordenada
SP000231,Leo,El nino ayudo a recoger los juguetes y dejo su habitacion limpia y ordenada
SP000232,Alex,La tortuga sabia enseno a los demas animales que la paciencia ayuda a llegar lejos
SP000233,Tania,El amigo fiel compartio su comida y mostro que la amistad hace los dias mejores
SP000234,Eva,El pequeno conejo salto feliz por el campo verde mientras buscaba flores para su mejor amiga
SP000235,Sara,La gatita blanca encontro un lugar tranquilo donde dormir y sonar con aventuras bonitas
SP000236,Laura,El pequeno conejo salto feliz por el campo verde mientras buscaba flores para su mejor amiga
SP000237,Rosa,El pequeno conejo salto feliz por el campo verde mientras buscaba flores para su mejor amiga
SP000238,Sofia,La nina sonrio contenta al ver que su dibujo estaba lleno de colores bonitos
SP000239,Maria,Un nino valiente ayudo a su hermana y juntos lograron construir una casa de arena
SP000240,Luis,El amigo fiel compartio su comida y mostro que la amistad hace los dias mejores
SP000241,Juan,La tortuga sabia enseno a los demas animales que la paciencia ayuda a llegar lejos
SP000242,Jose,El nino ayudo a recoger los juguetes y dejo su habitacion limpia y ordenada
SP000243,Mario,El pequeno raton encontro un queso grande y lo compartio con sus nuevos amigos
SP000244,Pablo,El amigo fiel compartio su comida y mostro que la amistad hace los dias mejores
SP000245,Diego,Un osito curioso camino por el bosque y encontro una estrella brillante que iluminaba su noche
SP000246,Leo,Un pez dorado nado feliz en el lago claro mientras saludaba a sus amigos
SP000247,Alex,La familia camino junta por el parque y disfruto de una tarde llena de risas
SP000248,Tania,Un nino valiente ayudo a su hermana y juntos lograron construir una casa de arena
SP000249,Eva,El nino ayudo a recoger los juguetes y dejo su habitacion limpia y ordenada
SP000250,Sara,El nino ayudo a recoger los juguetes y dejo su habitacion limpia y ordenada
SP000251,Laura,El perro pequeno corrio junto a su dueno y jugo con una pelota azul bajo el sol
SP000252,Rosa,La tortuga sabia enseno a los demas animales que la paciencia ayuda a llegar lejos
SP000253,Sofia,La nina leyo un cuento bonito y aprendio que ayudar a otros siempre trae alegria al corazon
SP000254,Maria,Un nino valiente ayudo a su hermana y juntos lograron construir una casa de arena
SP000255,Luis,El pequeno raton encontro un queso grande y lo compartio con sus nuevos amigos
SP000256,Juan,El pajarito canto suave en la manana y lleno el aire con sonidos alegres
SP000257,Jose,La nina sonrio contenta al ver que su dibujo estaba lleno de colores bonitos
SP000258,Mario,La familia camino junta por el parque y disfruto de una tarde llena de risas
SP000259,Pablo,Un osito curioso camino por el bosque y encontro una estrella brillante que iluminaba su noche
SP000260,Diego,La tortuga sabia enseno a los demas animales que la paciencia ayuda a llegar lejos
SP000261,Leo,El nino ayudo a recoger los juguetes y dejo su habitacion limpia y ordenada
SP000262,Alex,La nina sonrio contenta al ver que su dibujo estaba lleno de colores bonitos
SP000263,Tania,La nina leyo un cuento bonito y aprendio que ayudar a otros siempre trae alegria al corazon
SP000264,Eva,El nino ayudo a recoger los juguetes y dejo su habitacion limpia y ordenada
SP000265,Sara,El pajarito canto suave en la manana y lleno el aire con sonidos alegres
SP000266,Laura,La nina leyo un cuento bonito y aprendio que ayudar a otros siempre trae alegria al corazon
SP000267,Rosa,La nina leyo un cuento bonito y aprendio que ayudar a otros siempre trae alegria al corazon
SP000268,Sofia,El pequeno conejo salto feliz por el campo verde mientras buscaba flores para su mejor amiga
SP000269,Maria,El pequeno conejo salto feliz por el campo verde mientras buscaba flores para su mejor amiga
SP000270,Luis,Un osito curioso camino por el bosque y encontro una estrella brillante que iluminaba su noche
SP000271,Juan,La nina sonrio contenta al ver que su dibujo estaba lleno de colores bonitos
SP000272,Jose,El amigo fiel compartio su comida y mostro que la amistad hace los dias mejores
SP000273,Mario,Un pez dorado nado feliz en el lago claro mientras saludaba a sus amigos
SP000274,Pablo,El cachorro jugo con la pelota roja y corrio feliz por todo el jardin
SP000275,Diego,La nina sonrio contenta al ver que su dibujo estaba lleno de colores bonitos
SP000276,Leo,El perro pequeno corrio junto a su dueno y jugo con una pelota azul bajo el sol
SP000277,Alex,El cachorro jugo con la pelota roja y corrio feliz por todo el jardin
SP000278,Tania,El pequeno conejo salto feliz por el campo verde mientras buscaba flores para su mejor amiga
SP000279,Eva,El perro pequeno corrio junto a su dueno y jugo con una pelota azul bajo el sol
SP000280,Sara,La gatita blanca encontro un lugar tranquilo donde dormir y sonar con aventuras bonitas
SP000281,Laura,La familia camino junta por el parque y disfruto de una tarde llena de risas
SP000282,Rosa,El amigo fiel compartio su comida y mostro que la amistad hace los dias mejores
SP000283,Sofia,El nino ayudo a recoger los juguetes y dejo su habitacion limpia y ordenada
SP000284,Maria,El pequeno raton encontro un queso grande y lo compartio con sus nuevos amigos
SP000285,Luis,La nina leyo un cuento bonito y aprendio que ayudar a otros siempre trae alegria al corazon
SP000286,Juan,Un pez dorado nado feliz en el lago claro mientras saludaba a sus amigos
SP000287,Jose,La familia camino junta por el parque y disfruto de una tarde llena de risas
SP000288,Mario,Un osito curioso camino por el bosque y encontro una estrella brillante que iluminaba su noche
SP000289,Pablo,El pequeno conejo salto feliz por el campo verde mientras buscaba flores para su mejor amiga
SP000290,Diego,El cachorro jugo con la pelota roja y corrio feliz por todo el jardin
SP000291,Leo,La nina sonrio contenta al ver que su dibujo estaba lleno de colores bonitos
SP000292,Alex,El pequeno raton encontro un queso grande y lo compartio con sus nuevos amigos
SP000293,Tania,El perro pequeno corrio junto a su dueno y jugo con una pelota azul bajo el sol
SP000294,Eva,La nina leyo un cuento bonito y aprendio que ayudar a otros siempre trae alegria al corazon
SP000295,Sara,Un osito curioso camino por el bosque y encontro una estrella brillante que iluminaba su noche
SP000296,Laura,El pequeno raton encontro un queso grande y lo compartio con sus nuevos amigos
SP000297,Rosa,La gatita blanca encontro un lugar tranquilo donde dormir y sonar con aventuras bonitas
SP000298,Sofia,El amigo fiel compartio su comida y mostro que la amistad hace los dias mejores
SP000299,Maria,El pequeno raton encontro un queso grande y lo compartio con sus nuevos amigos
SP000300,Luis,El pequeno conejo salto feliz por el campo verde mientras buscaba flores para su mejor amiga
SP000301,Juan,El amigo fiel compartio su comida y mostro que la amistad hace los dias mejores
SP000302,Jose,El pajarito canto suave en la manana y lleno el aire con sonidos alegres
SP000303,Mario,El perro pequeno corrio junto a su dueno y jugo con una pelota azul bajo el sol
SP000304,Pablo,Un osito curioso camino por el bosque y encontro una estrella brillante que iluminaba su noche
SP000305,Diego,La tortuga sabia enseno a los demas animales que la paciencia ayuda a llegar lejos
SP000306,Leo,La gatita blanca encontro un lugar tranquilo donde dormir y sonar con aventuras bonitas
SP000307,Alex,El pajarito canto suave en la manana y lleno el aire con sonidos alegres
SP000308,Tania,La tortuga sabia enseno a los demas animales que la paciencia ayuda a llegar lejos
SP000309,Eva,El cachorro jugo con la pelota roja y corrio feliz por todo el jardin
SP000310,Sara,El pequeno conejo salto feliz por el campo verde mientras buscaba flores para su mejor amiga
SP000311,Laura,El pajarito canto suave en la manana y lleno el aire con sonidos alegres
SP000312,Rosa,Un nino valiente ayudo a su hermana y juntos lograron construir una casa de arena
SP000313,Sofia,El pajarito canto suave en la manana y lleno el aire con sonidos alegres
SP000314,Maria,El pequeno conejo salto feliz por el campo verde mientras buscaba flores para su mejor amiga
SP000315,Luis,La tortuga sabia enseno a los demas animales que la paciencia ayuda a llegar lejos
SP000316,Juan,El pequeno conejo salto feliz por el campo verde mientras buscaba flores para su mejor amiga
SP000317,Jose,La nina sonrio contenta al ver que su dibujo estaba lleno de colores bonitos
SP000318,Mario,El perro pequeno corrio junto a su dueno y jugo con una pelota azul bajo el sol
SP000319,Pablo,Un pez dorado nado feliz en el lago claro mientras saludaba a sus amigos
SP000320,Diego,La tortuga sabia enseno a los demas animales que la paciencia ayuda a llegar lejos
SP000321,Leo,El nino ayudo a recoger los juguetes y dejo su habitacion limpia y ordenada
SP000322,Alex,La nina leyo un cuento bonito y aprendio que ayudar a otros siempre trae alegria al corazon
SP000323,Tania,El nino ayudo a recoger los juguetes y dejo su habitacion limpia y ordenada
SP000324,Eva,La tortuga sabia enseno a los demas animales que la paciencia ayuda a llegar lejos
SP000325,Sara,El perro pequeno corrio junto a su dueno y jugo con una pelota azul bajo el sol
SP000326,Laura,La nina sonrio contenta al ver que su dibujo estaba lleno de colores bonitos
SP000327,Rosa,El amigo fiel compartio su comida y mostro que la amistad hace los dias mejores
SP000328,Sofia,La familia camino junta por el parque y disfruto de una tarde llena de risas
SP000329,Maria,La familia camino junta por el parque y disfruto de una tarde llena de risas
SP000330,Luis,El amigo fiel compartio su comida y mostro que la amistad hace los dias mejores
SP000331,Juan,Un nino valiente ayudo a su hermana y juntos lograron construir una casa de arena
SP000332,Jose,El amigo fiel compartio su comida y mostro que la amistad hace los dias mejores
SP000333,Mario,El amigo fiel compartio su comida y mostro que la amistad hace los dias mejores
SP000334,Pablo,La tortuga sabia enseno a los demas animales que la paciencia ayuda a llegar lejos
SP000335,Diego,El amigo fiel compartio su comida y mostro que la amistad hace los dias mejores
SP000336,Leo,La familia camino junta por el parque y disfruto de una tarde llena de risas
SP000337,Alex,El pequeno conejo salto feliz por el campo verde mientras buscaba flores para su mejor amiga
SP000338,Tania,Un nino valiente ayudo a su hermana y juntos lograron construir una casa de arena
SP000339,Eva,El amigo fiel compartio su comida y mostro que la amistad hace los dias mejores
SP000340,Sara,Un pez dorado nado feliz en el lago claro mientras saludaba a sus amigos
SP000341,Laura,La nina leyo un cuento bonito y aprendio que ayudar a otros siempre trae alegria al corazon
SP000342,Rosa,El amigo fiel compartio su comida y mostro que la amistad hace los dias mejores
SP000343,Sofia,El perro pequeno corrio junto a su dueno y jugo con una pelota azul bajo el sol
SP000344,Maria,Un nino valiente ayudo a su hermana y juntos lograron construir una casa de arena
SP000345,Luis,La nina sonrio contenta al ver que su dibujo estaba lleno de colores bonitos
SP000346,Juan,El perro pequeno corrio junto a su dueno y jugo con una pelota azul bajo el sol
SP000347,Jose,La nina sonrio contenta al ver que su dibujo estaba lleno de colores bonitos
SP000348,Mario,El pajarito canto suave en la manana y lleno el aire con sonidos alegres
SP000349,Pablo,La nina leyo un cuento bonito y aprendio que ayudar a otros siempre trae alegria al corazon
SP000350,Diego,Un pez dorado nado feliz en el lago claro mientras saludaba a sus amigos
SP000351,Leo,El nino ayudo a recoger los juguetes y dejo su habitacion limpia y ordenada
SP000352,Alex,El amigo fiel compartio su comida y mostro que la amistad hace los dias mejores
SP000353,Tania,La tortuga sabia enseno a los demas animales que la paciencia ayuda a llegar lejos
SP000354,Eva,Un osito curioso camino por el bosque y encontro una estrella brillante que iluminaba su noche
SP000355,Sara,El cachorro jugo con la pelota roja y corrio feliz por todo el jardin
SP000356,Laura,La nina leyo un cuento bonito y aprendio que ayudar a otros siempre trae alegria al corazon
SP000357,Rosa,Un pez dorado nado feliz en el lago claro mientras saludaba a sus amigos
SP000358,Sofia,Un osito curioso camino por el bosque y encontro una estrella brillante que iluminaba su noche
SP000359,Maria,El amigo fiel compartio su comida y mostro que la amistad hace los dias mejores
SP000360,Luis,El pequeno conejo salto feliz por el campo verde mientras buscaba flores para su mejor amiga
SP000361,Juan,El pajarito canto suave en la manana y lleno el aire con sonidos alegres
SP000362,Jose,Un pez dorado nado feliz en el lago claro mientras saludaba a sus amigos
SP000363,Mario,La nina leyo un cuento bonito y aprendio que ayudar a otros siempre trae alegria al corazon
SP000364,Pablo,Un pez dorado nado feliz en el lago claro mientras saludaba a sus amigos
SP000365,Diego,La familia camino junta por el parque y disfruto de una tarde llena de risas
SP000366,Leo,La gatita blanca encontro un lugar tranquilo donde dormir y sonar con aventuras bonitas
SP000367,Alex,Un pez dorado nado feliz en el lago claro mientras saludaba a sus amigos
SP000368,Tania,El nino ayudo a recoger los juguetes y dejo su habitacion limpia y ordenada
SP000369,Eva,El perro pequeno corrio junto a su dueno y jugo con una pelota azul bajo el sol
SP000370,Sara,Un nino valiente ayudo a su hermana y juntos lograron construir una casa de arena
SP000371,Laura,El pequeno raton encontro un queso grande y lo compartio con sus nuevos amigos
SP000372,Rosa,El amigo fiel compartio su comida y mostro que la amistad hace los dias mejores
SP000373,Sofia,La tortuga sabia enseno a los demas animales que la paciencia ayuda a llegar lejos
SP000374,Maria,Un nino valiente ayudo a su hermana y juntos lograron construir una casa de arena
SP000375,Luis,El perro pequeno corrio junto a su dueno y jugo con una pelota azul bajo el sol
SP000376,Juan,El nino ayudo a recoger los juguetes y dejo su habitacion limpia y ordenada
SP000377,Jose,El amigo fiel compartio su comida y mostro que la amistad hace los dias mejores
SP000378,Mario,Un osito curioso camino por el bosque y encontro una estrella brillante que iluminaba su noche
SP000379,Pablo,Un nino valiente ayudo a su hermana y juntos lograron construir una casa de arena
SP000380,Diego,El perro pequeno corrio junto a su dueno y jugo con una pelota azul bajo el sol
SP000381,Leo,Un pez dorado nado feliz en el lago claro mientras saludaba a sus amigos
SP000382,Alex,El pequeno conejo salto feliz por el campo verde mientras buscaba flores para su mejor amiga
SP000383,Tania,El amigo fiel compartio su comida y mostro que la amistad hace los dias mejores
SP000384,Eva,La gatita blanca encontro un lugar tranquilo donde dormir y sonar con aventuras bonitas
SP000385,Sara,El nino ayudo a recoger los juguetes y dejo su habitacion limpia y ordenada
SP000386,Laura,La nina leyo un cuento bonito y aprendio que ayudar a otros siempre trae alegria al corazon
SP000387,Rosa,La nina sonrio contenta al ver que su dibujo estaba lleno de colores bonitos
SP000388,Sofia,El pajarito canto suave en la manana y lleno el aire con sonidos alegres
SP000389,Maria,Un osito curioso camino por el bosque y encontro una estrella brillante que iluminaba su noche
SP000390,Luis,El amigo fiel compartio su comida y mostro que la amistad hace los dias mejores
SP000391,Juan,La gatita blanca encontro un lugar tranquilo donde dormir y sonar con aventuras bonitas
SP000392,Jose,El cachorro jugo con la pelota roja y corrio feliz por todo el jardin
SP000393,Mario,Un nino valiente ayudo a su hermana y juntos lograron construir una casa de arena
SP000394,Pablo,El nino ayudo a recoger los juguetes y dejo su habitacion limpia y ordenada
SP000395,Diego,La tortuga sabia enseno a los demas animales que la paciencia ayuda a llegar lejos
SP000396,Leo,La nina sonrio contenta al ver que su dibujo estaba lleno de colores bonitos
SP000397,Alex,La gatita blanca encontro un lugar tranquilo donde dormir y sonar con aventuras bonitas
SP000398,Tania,El cachorro jugo con la pelota roja y corrio feliz por todo el jardin
SP000399,Eva,La familia camino junta por el parque y disfruto de una tarde llena de risas
SP000400,Sara,El perro pequeno corrio junto a su dueno y jugo con una pelota azul bajo el sol
SP000401,Laura,La gatita blanca encontro un lugar tranquilo donde dormir y sonar con aventuras bonitas
SP000402,Rosa,Un nino valiente ayudo a su hermana y juntos lograron construir una casa de arena
SP000403,Sofia,La nina leyo un cuento bonito y aprendio que ayudar a otros siempre trae alegria al corazon
SP000404,Maria,Un nino valiente ayudo a su hermana y juntos lograron construir una casa de arena
SP000405,Luis,Un nino valiente ayudo a su hermana y juntos lograron construir una casa de arena
SP000406,Juan,La nina leyo un cuento bonito y aprendio que ayudar a otros siempre trae alegria al corazon
SP000407,Jose,La nina leyo un cuento bonito y aprendio que ayudar a otros siempre trae alegria al corazon
SP000408,Mario,La gatita blanca encontro un lugar tranquilo donde dormir y sonar con aventuras bonitas
SP000409,Pablo,El amigo fiel compartio su comida y mostro que la amistad hace los dias mejores
SP000410,Diego,El amigo fiel compartio su comida y mostro que la amistad hace los dias mejores
SP000411,Leo,El nino ayudo a recoger los juguetes y dejo su habitacion limpia y ordenada
SP000412,Alex,El pequeno raton encontro un queso grande y lo compartio con sus nuevos amigos
SP000413,Tania,El pajarito canto suave en la manana y lleno el aire con sonidos alegres
SP000414,Eva,Un osito curioso camino por el bosque y encontro una estrella brillante que iluminaba su noche
SP000415,Sara,El amigo fiel compartio su comida y mostro que la amistad hace los dias mejores
SP000416,Laura,El cachorro jugo con la pelota roja y corrio feliz por todo el jardin
SP000417,Rosa,El pequeno conejo salto feliz por el campo verde mientras buscaba flores para su mejor amiga
SP000418,Sofia,El pajarito canto suave en la manana y lleno el aire con sonidos alegres
SP000419,Maria,Un nino valiente ayudo a su hermana y juntos lograron construir una casa de arena
SP000420,Luis,La nina sonrio contenta al ver que su dibujo estaba lleno de colores bonitos
SP000421,Juan,La gatita blanca encontro un lugar tranquilo donde dormir y sonar con aventuras bonitas
SP000422,Jose,El amigo fiel compartio su comida y mostro que la amistad hace los dias mejores
SP000423,Mario,El nino ayudo a recoger los juguetes y dejo su habitacion limpia y ordenada
SP000424,Pablo,La tortuga sabia enseno a los demas animales que la paciencia ayuda a llegar lejos
SP000425,Diego,El nino ayudo a recoger los juguetes y dejo su habitacion limpia y ordenada
SP000426,Leo,La familia camino junta por el parque y disfruto de una tarde llena de risas
SP000427,Alex,El nino ayudo a recoger los juguetes y dejo su habitacion limpia y ordenada
SP000428,Tania,El pequeno conejo salto feliz por el campo verde mientras buscaba flores para su mejor amiga
SP000429,Eva,La nina sonrio contenta al ver que su dibujo estaba lleno de colores bonitos
SP000430,Sara,El cachorro jugo con la pelota roja y corrio feliz por todo el jardin
SP000431,Laura,El cachorro jugo con la pelota roja y corrio feliz por todo el jardin
SP000432,Rosa,Un osito curioso camino por el bosque y encontro una estrella brillante que iluminaba su noche
SP000433,Sofia,Un pez dorado nado feliz en el lago claro mientras saludaba a sus amigos
SP000434,Maria,Un pez dorado nado feliz en el lago claro mientras saludaba a sus amigos
SP000435,Luis,Un pez dorado nado feliz en el lago claro mientras saludaba a sus amigos
SP000436,Juan,El cachorro jugo con la pelota roja y corrio feliz por todo el jardin
SP000437,Jose,Un nino valiente ayudo a su hermana y juntos lograron construir una casa de arena
SP000438,Mario,Un osito curioso camino por el bosque y encontro una estrella brillante que iluminaba su noche
SP000439,Pablo,Un nino valiente ayudo a su hermana y juntos lograron construir una casa de arena
SP000440,Diego,La nina leyo un cuento bonito y aprendio que ayudar a otros siempre trae alegria al corazon
SP000441,Leo,La gatita blanca encontro un lugar tranquilo donde dormir y sonar con aventuras bonitas
SP000442,Alex,Un nino valiente ayudo a su hermana y juntos lograron construir una casa de arena
SP000443,Tania,El amigo fiel compartio su comida y mostro que la amistad hace los dias mejores
SP000444,Eva,La nina sonrio contenta al ver que su dibujo estaba lleno de colores bonitos
SP000445,Sara,Un osito curioso camino por el bosque y encontro una estrella brillante que iluminaba su noche
SP000446,Laura,El amigo fiel compartio su comida y mostro que la amistad hace los dias mejores
SP000447,Rosa,El amigo fiel compartio su comida y mostro que la amistad hace los dias mejores
SP000448,Sofia,La gatita blanca encontro un lugar tranquilo donde dormir y sonar con aventuras bonitas
SP000449,Maria,La tortuga sabia enseno a los demas animales que la paciencia ayuda a llegar lejos
SP000450,Luis,La nina leyo un cuento bonito y aprendio que ayudar a otros siempre trae alegria al corazon
SP000451,Juan,Un pez dorado nado feliz en el lago claro mientras saludaba a sus amigos
SP000452,Jose,La nina leyo un cuento bonito y aprendio que ayudar a otros siempre trae alegria al corazon
SP000453,Mario,Un pez dorado nado feliz en el lago claro mientras saludaba a sus amigos
SP000454,Pablo,La nina sonrio contenta al ver que su dibujo estaba lleno de colores bonitos
SP000455,Diego,Un osito curioso camino por el bosque y encontro una estrella brillante que iluminaba su noche
SP000456,Leo,El cachorro jugo con la pelota roja y corrio feliz por todo el jardin
SP000457,Alex,La tortuga sabia enseno a los demas animales que la paciencia ayuda a llegar lejos
SP000458,Tania,El nino ayudo a recoger los juguetes y dejo su habitacion limpia y ordenada
SP000459,Eva,La gatita blanca encontro un lugar tranquilo donde dormir y sonar con aventuras bonitas
SP000460,Sara,La nina sonrio contenta al ver que su dibujo estaba lleno de colores bonitos
SP000461,Laura,La familia camino junta por el parque y disfruto de una tarde llena de risas
SP000462,Rosa,El pajarito canto suave en la manana y lleno el aire con sonidos alegres
SP000463,Sofia,La gatita blanca encontro un lugar tranquilo donde dormir y sonar con aventuras bonitas
SP000464,Maria,La nina leyo un cuento bonito y aprendio que ayudar a otros siempre trae alegria al corazon
SP000465,Luis,La familia camino junta por el parque y disfruto de una tarde llena de risas
SP000466,Juan,La nina sonrio contenta al ver que su dibujo estaba lleno de colores bonitos
SP000467,Jose,La tortuga sabia enseno a los demas animales que la paciencia ayuda a llegar lejos
SP000468,Mario,El nino ayudo a recoger los juguetes y dejo su habitacion limpia y ordenada
SP000469,Pablo,El pequeno raton encontro un queso grande y lo compartio con sus nuevos amigos
SP000470,Diego,El nino ayudo a recoger los juguetes y dejo su habitacion limpia y ordenada
SP000471,Leo,El amigo fiel compartio su comida y mostro que la amistad hace los dias mejores
SP000472,Alex,Un osito curioso camino por el bosque y encontro una estrella brillante que iluminaba su noche
SP000473,Tania,La tortuga sabia enseno a los demas animales que la paciencia ayuda a llegar lejos
SP000474,Eva,La nina leyo un cuento bonito y aprendio que ayudar a otros siempre trae alegria al corazon
SP000475,Sara,El perro pequeno corrio junto a su dueno y jugo con una pelota azul bajo el sol
SP000476,Laura,Un nino valiente ayudo a su hermana y juntos lograron construir una casa de arena
SP000477,Rosa,El nino ayudo a recoger los juguetes y dejo su habitacion limpia y ordenada
SP000478,Sofia,El pequeno raton encontro un queso grande y lo compartio con sus nuevos amigos
SP000479,Maria,El nino ayudo a recoger los juguetes y dejo su habitacion limpia y ordenada
SP000480,Luis,El pequeno raton encontro un queso grande y lo compartio con sus nuevos amigos
SP000481,Juan,El pequeno conejo salto feliz por el campo verde mientras buscaba flores para su mejor amiga
SP000482,Jose,La gatita blanca encontro un lugar tranquilo donde dormir y sonar con aventuras bonitas
SP000483,Mario,Un pez dorado nado feliz en el lago claro mientras saludaba a sus amigos
SP000484,Pablo,Un osito curioso camino por el bosque y encontro una estrella brillante que iluminaba su noche
SP000485,Diego,El amigo fiel compartio su comida y mostro que la amistad hace los dias mejores
SP000486,Leo,La nina sonrio contenta al ver que su dibujo estaba lleno de colores bonitos
SP000487,Alex,Un pez dorado nado feliz en el lago claro mientras saludaba a sus amigos
SP000488,Tania,La nina sonrio contenta al ver que su dibujo estaba lleno de colores bonitos
SP000489,Eva,El pequeno raton encontro un queso grande y lo compartio con sus nuevos amigos
SP000490,Sara,La tortuga sabia enseno a los demas animales que la paciencia ayuda a llegar lejos
SP000491,Laura,Un pez dorado nado feliz en el lago claro mientras saludaba a sus amigos
SP000492,Rosa,El cachorro jugo con la pelota roja y corrio feliz por todo el jardin
SP000493,Sofia,El pequeno conejo salto feliz por el campo verde mientras buscaba flores para su mejor amiga
SP000494,Maria,El amigo fiel compartio su comida y mostro que la amistad hace los dias mejores
SP000495,Luis,Un osito curioso camino por el bosque y encontro una estrella brillante que iluminaba su noche
SP000496,Juan,La nina sonrio contenta al ver que su dibujo estaba lleno de colores bonitos
SP000497,Jose,El perro pequeno corrio junto a su dueno y jugo con una pelota azul bajo el sol
SP000498,Mario,El pequeno conejo salto feliz por el campo verde mientras buscaba flores para su mejor amiga
SP000499,Pablo,El amigo fiel compartio su comida y mostro que la amistad hace los dias mejores
SP000500,Diego,La familia camino junta por el parque y disfruto de una tarde llena de risas
SP000501,Leo,El nino ayudo a recoger los juguetes y dejo su habitacion limpia y ordenada
SP000502,Alex,El amigo fiel compartio su comida y mostro que la amistad hace los dias mejores
SP000503,Tania,Un nino valiente ayudo a su hermana y juntos lograron construir una casa de arena
SP000504,Eva,El cachorro jugo con la pelota roja y corrio feliz por todo el jardin
SP000505,Sara,El cachorro jugo con la pelota roja y corrio feliz por todo el jardin
SP000506,Laura,El pequeno raton encontro un queso grande y lo compartio con sus nuevos amigos
SP000507,Rosa,El amigo fiel compartio su comida y mostro que la amistad hace los dias mejores
SP000508,Sofia,El pequeno conejo salto feliz por el campo verde mientras buscaba flores para su mejor amiga
SP000509,Maria,La tortuga sabia enseno a los demas animales que la paciencia ayuda a llegar lejos
SP000510,Luis,La tortuga sabia enseno a los demas animales que la paciencia ayuda a llegar lejos
SP000511,Juan,La nina leyo un cuento bonito y aprendio que ayudar a otros siempre trae alegria al corazon
SP000512,Jose,El pequeno raton encontro un queso grande y lo compartio con sus nuevos amigos
SP000513,Mario,Un pez dorado nado feliz en el lago claro mientras saludaba a sus amigos
SP000514,Pablo,La nina sonrio contenta al ver que su dibujo estaba lleno de colores bonitos
SP000515,Diego,La tortuga sabia enseno a los demas animales que la paciencia ayuda a llegar lejos
SP000516,Leo,El pajarito canto suave en la manana y lleno el aire con sonidos alegres
SP000517,Alex,Un nino valiente ayudo a su hermana y juntos lograron construir una casa de arena
SP000518,Tania,El pajarito canto suave en la manana y lleno el aire con sonidos alegres
SP000519,Eva,Un pez dorado nado feliz en el lago claro mientras saludaba a sus amigos
SP000520,Sara,El nino ayudo a recoger los juguetes y dejo su habitacion limpia y ordenada
SP000521,Laura,Un pez dorado nado feliz en el lago claro mientras saludaba a sus amigos
SP000522,Rosa,La gatita blanca encontro un lugar tranquilo donde dormir y sonar con aventuras bonitas
SP000523,Sofia,La nina leyo un cuento bonito y aprendio que ayudar a otros siempre trae alegria al corazon
SP000524,Maria,El pequeno raton encontro un queso grande y lo compartio con sus nuevos amigos
SP000525,Luis,La nina sonrio contenta al ver que su dibujo estaba lleno de colores bonitos
SP000526,Juan,La familia camino junta por el parque y disfruto de una tarde llena de risas
SP000527,Jose,El pequeno conejo salto feliz por el campo verde mientras buscaba flores para su mejor amiga
SP000528,Mario,El perro pequeno corrio junto a su dueno y jugo con una pelota azul bajo el sol
SP000529,Pablo,La tortuga sabia enseno a los demas animales que la paciencia ayuda a llegar lejos
SP000530,Diego,La nina leyo un cuento bonito y aprendio que ayudar a otros siempre trae alegria al corazon
SP000531,Leo,El nino ayudo a recoger los juguetes y dejo su habitacion limpia y ordenada
SP000532,Alex,El pajarito canto suave en la manana y lleno el aire con sonidos alegres
SP000533,Tania,Un osito curioso camino por el bosque y encontro una estrella brillante que iluminaba su noche
SP000534,Eva,Un nino valiente ayudo a su hermana y juntos lograron construir una casa de arena
SP000535,Sara,El perro pequeno corrio junto a su dueno y jugo con una pelota azul bajo el sol
SP000536,Laura,El pajarito canto suave en la manana y lleno el aire con sonidos alegres
SP000537,Rosa,El pequeno conejo salto feliz por el campo verde mientras buscaba flores para su mejor amiga
SP000538,Sofia,El cachorro jugo con la pelota roja y corrio feliz por todo el jardin
SP000539,Maria,La tortuga sabia enseno a los demas animales que la paciencia ayuda a llegar lejos
SP000540,Luis,Un osito curioso camino por el bosque y encontro una estrella brillante que iluminaba su noche
SP000541,Juan,El pequeno raton encontro un queso grande y lo compartio con sus nuevos amigos
SP000542,Jose,La nina sonrio contenta al ver que su dibujo estaba lleno de colores bonitos
SP000543,Mario,La familia camino junta por el parque y disfruto de una tarde llena de risas
SP000544,Pablo,El cachorro jugo con la pelota roja y corrio feliz por todo el jardin
SP000545,Diego,Un nino valiente ayudo a su hermana y juntos lograron construir una casa de arena
SP000546,Leo,El perro pequeno corrio junto a su dueno y jugo con una pelota azul bajo el sol
SP000547,Alex,El amigo fiel compartio su comida y mostro que la amistad hace los dias mejores
SP000548,Tania,El amigo fiel compartio su comida y mostro que la amistad hace los dias mejores
SP000549,Eva,La familia camino junta por el parque y disfruto de una tarde llena de risas
SP000550,Sara,Un nino valiente ayudo a su hermana y juntos lograron construir una casa de arena
SP000551,Laura,El nino ayudo a recoger los juguetes y dejo su habitacion limpia y ordenada
SP000552,Rosa,Un osito curioso camino por el bosque y encontro una estrella brillante que iluminaba su noche
SP000553,Sofia,El pequeno raton encontro un queso grande y lo compartio con sus nuevos amigos
SP000554,Maria,Un nino valiente ayudo a su hermana y juntos lograron construir una casa de arena
SP000555,Luis,El amigo fiel compartio su comida y mostro que la amistad hace los dias mejores
SP000556,Juan,Un osito curioso camino por el bosque y encontro una estrella brillante que iluminaba su noche
SP000557,Jose,El perro pequeno corrio junto a su dueno y jugo con una pelota azul bajo el sol
SP000558,Mario,El perro pequeno corrio junto a su dueno y jugo con una pelota azul bajo el sol
SP000559,Pablo,Un pez dorado nado feliz en el lago claro mientras saludaba a sus amigos
SP000560,Diego,La nina sonrio contenta al ver que su dibujo estaba lleno de colores bonitos
SP000561,Leo,El pequeno raton encontro un queso grande y lo compartio con sus nuevos amigos
SP000562,Alex,Un nino valiente ayudo a su hermana y juntos lograron construir una casa de arena
SP000563,Tania,La gatita blanca encontro un lugar tranquilo donde dormir y sonar con aventuras bonitas
SP000564,Eva,El pajarito canto suave en la manana y lleno el aire con sonidos alegres
SP000565,Sara,La gatita blanca encontro un lugar tranquilo donde dormir y sonar con aventuras bonitas
SP000566,Laura,El cachorro jugo con la pelota roja y corrio feliz por todo el jardin
SP000567,Rosa,El pequeno raton encontro un queso grande y lo compartio con sus nuevos amigos
SP000568,Sofia,El perro pequeno corrio junto a su dueno y jugo con una pelota azul bajo el sol
SP000569,Maria,La gatita blanca encontro un lugar tranquilo donde dormir y sonar con aventuras bonitas
SP000570,Luis,Un nino valiente ayudo a su hermana y juntos lograron construir una casa de arena
SP000571,Juan,El pequeno conejo salto feliz por el campo verde mientras buscaba flores para su mejor amiga
SP000572,Jose,El nino ayudo a recoger los juguetes y dejo su habitacion limpia y ordenada
SP000573,Mario,El pequeno conejo salto feliz por el campo verde mientras buscaba flores para su mejor amiga
SP000574,Pablo,Un osito curioso camino por el bosque y encontro una estrella brillante que iluminaba su noche
SP000575,Diego,La nina sonrio contenta al ver que su dibujo estaba lleno de colores bonitos
SP000576,Leo,El pequeno raton encontro un queso grande y lo compartio con sus nuevos amigos
SP000577,Alex,La familia camino junta por el parque y disfruto de una tarde llena de risas
SP000578,Tania,El cachorro jugo con la pelota roja y corrio feliz por todo el jardin
SP000579,Eva,Un nino valiente ayudo a su hermana y juntos lograron construir una casa de arena
SP000580,Sara,El amigo fiel compartio su comida y mostro que la amistad hace los dias mejores
SP000581,Laura,El pajarito canto suave en la manana y lleno el aire con sonidos alegres
SP000582,Rosa,El cachorro jugo con la pelota roja y corrio feliz por todo el jardin
SP000583,Sofia,El amigo fiel compartio su comida y mostro que la amistad hace los dias mejores
SP000584,Maria,La nina leyo un cuento bonito y aprendio que ayudar a otros siempre trae alegria al corazon
SP000585,Luis,La nina sonrio contenta al ver que su dibujo estaba lleno de colores bonitos
SP000586,Juan,Un osito curioso camino por el bosque y encontro una estrella brillante que iluminaba su noche
SP000587,Jose,El pequeno raton encontro un queso grande y lo compartio con sus nuevos amigos
SP000588,Mario,El pajarito canto suave en la manana y lleno el aire con sonidos alegres
SP000589,Pablo,Un nino valiente ayudo a su hermana y juntos lograron construir una casa de arena
SP000590,Diego,El pequeno raton encontro un queso grande y lo compartio con sus nuevos amigos
SP000591,Leo,Un osito curioso camino por el bosque y encontro una estrella brillante que iluminaba su noche
SP000592,Alex,La gatita blanca encontro un lugar tranquilo donde dormir y sonar con aventuras bonitas
SP000593,Tania,El nino ayudo a recoger los juguetes y dejo su habitacion limpia y ordenada
SP000594,Eva,El pequeno conejo salto feliz por el campo verde mientras buscaba flores para su mejor amiga
SP000595,Sara,Un nino valiente ayudo a su hermana y juntos lograron construir una casa de arena
SP000596,Laura,La nina sonrio contenta al ver que su dibujo estaba lleno de colores bonitos
SP000597,Rosa,El amigo fiel compartio su comida y mostro que la amistad hace los dias mejores
SP000598,Sofia,El pequeno conejo salto feliz por el campo verde mientras buscaba flores para su mejor amiga
SP000599,Maria,La nina sonrio contenta al ver que su dibujo estaba lleno de colores bonitos
SP000600,Luis,El pequeno conejo salto feliz por el campo verde mientras buscaba flores para su mejor amiga
SP000601,Juan,Un nino valiente ayudo a su hermana y juntos lograron construir una casa de arena
SP000602,Jose,Un nino valiente ayudo a su hermana y juntos lograron construir una casa de arena
SP000603,Mario,El nino ayudo a recoger los juguetes y dejo su habitacion limpia y ordenada
SP000604,Pablo,El pequeno raton encontro un queso grande y lo compartio con sus nuevos amigos
SP000605,Diego,El nino ayudo a recoger los juguetes y dejo su habitacion limpia y ordenada
SP000606,Leo,El perro pequeno corrio junto a su dueno y jugo con una pelota azul bajo el sol
SP000607,Alex,La familia camino junta por el parque y disfruto de una tarde llena de risas
SP000608,Tania,El nino ayudo a recoger los juguetes y dejo su habitacion limpia y ordenada
SP000609,Eva,La familia camino junta por el parque y disfruto de una tarde llena de risas
SP000610,Sara,El amigo fiel compartio su comida y mostro que la amistad hace los dias mejores
SP000611,Laura,La gatita blanca encontro un lugar tranquilo donde dormir y sonar con aventuras bonitas
SP000612,Rosa,Un osito curioso camino por el bosque y encontro una estrella brillante que iluminaba su noche
SP000613,Sofia,La nina leyo un cuento bonito y aprendio que ayudar a otros siempre trae alegria al corazon
SP000614,Maria,Un osito curioso camino por el bosque y encontro una estrella brillante que iluminaba su noche
SP000615,Luis,La gatita blanca encontro un lugar tranquilo donde dormir y sonar con aventuras bonitas
SP000616,Juan,La gatita blanca encontro un lugar tranquilo donde dormir y sonar con aventuras bonitas
SP000617,Jose,El amigo fiel compartio su comida y mostro que la amistad hace los dias mejores
SP000618,Mario,La familia camino junta por el parque y disfruto de una tarde llena de risas
SP000619,Pablo,El pequeno conejo salto feliz por el campo verde mientras buscaba flores para su mejor amiga
SP000620,Diego,El amigo fiel compartio su comida y mostro que la amistad hace los dias mejores
SP000621,Leo,Un pez dorado nado feliz en el lago claro mientras saludaba a sus amigos
SP000622,Alex,El amigo fiel compartio su comida y mostro que la amistad hace los dias mejores
SP000623,Tania,El amigo fiel compartio su comida y mostro que la amistad hace los dias mejores
SP000624,Eva,El pequeno raton encontro un queso grande y lo compartio con sus nuevos amigos
SP000625,Sara,La nina sonrio contenta al ver que su dibujo estaba lleno de colores bonitos
SP000626,Laura,El cachorro jugo con la pelota roja y corrio feliz por todo el jardin
SP000627,Rosa,El cachorro jugo con la pelota roja y corrio feliz por todo el jardin
SP000628,Sofia,La nina sonrio contenta al ver que su dibujo estaba lleno de colores bonitos
SP000629,Maria,El cachorro jugo con la pelota roja y corrio feliz por todo el jardin
SP000630,Luis,La gatita blanca encontro un lugar tranquilo donde dormir y sonar con aventuras bonitas
SP000631,Juan,La tortuga sabia enseno a los demas animales que la paciencia ayuda a llegar lejos
SP000632,Jose,La familia camino junta por el parque y disfruto de una tarde llena de risas
SP000633,Mario,El cachorro jugo con la pelota roja y corrio feliz por todo el jardin
SP000634,Pablo,La nina leyo un cuento bonito y aprendio que ayudar a otros siempre trae alegria al corazon
SP000635,Diego,La tortuga sabia enseno a los demas animales que la paciencia ayuda a llegar lejos
SP000636,Leo,Un pez dorado nado feliz en el lago claro mientras saludaba a sus amigos
SP000637,Alex,El perro pequeno corrio junto a su dueno y jugo con una pelota azul bajo el sol
SP000638,Tania,La gatita blanca encontro un lugar tranquilo donde dormir y sonar con aventuras bonitas
SP000639,Eva,El pajarito canto suave en la manana y lleno el aire con sonidos alegres
SP000640,Sara,Un osito curioso camino por el bosque y encontro una estrella brillante que iluminaba su noche
SP000641,Laura,La nina sonrio contenta al ver que su dibujo estaba lleno de colores bonitos
SP000642,Rosa,El pequeno conejo salto feliz por el campo verde mientras buscaba flores para su mejor amiga
SP000643,Sofia,La nina leyo un cuento bonito y aprendio que ayudar a otros siempre trae alegria al corazon
SP000644,Maria,Un osito curioso camino por el bosque y encontro una estrella brillante que iluminaba su noche
SP000645,Luis,El cachorro jugo con la pelota roja y corrio feliz por todo el jardin
SP000646,Juan,Un pez dorado nado feliz en el lago claro mientras saludaba a sus amigos
SP000647,Jose,Un osito curioso camino por el bosque y encontro una estrella brillante que iluminaba su noche
SP000648,Mario,El pequeno raton encontro un queso grande y lo compartio con sus nuevos amigos
SP000649,Pablo,El perro pequeno corrio junto a su dueno y jugo con una pelota azul bajo el sol
SP000650,Diego,La tortuga sabia enseno a los demas animales que la paciencia ayuda a llegar lejos
SP000651,Leo,El amigo fiel compartio su comida y mostro que la amistad hace los dias mejores
SP000652,Alex,El cachorro jugo con la pelota roja y corrio feliz por todo el jardin
SP000653,Tania,La nina sonrio contenta al ver que su dibujo estaba lleno de colores bonitos
SP000654,Eva,Un nino valiente ayudo a su hermana y juntos lograron construir una casa de arena
SP000655,Sara,El nino ayudo a recoger los juguetes y dejo su habitacion limpia y ordenada
SP000656,Laura,La nina leyo un cuento bonito y aprendio que ayudar a otros siempre trae alegria al corazon
SP000657,Rosa,La nina leyo un cuento bonito y aprendio que ayudar a otros siempre trae alegria al corazon
SP000658,Sofia,La gatita blanca encontro un lugar tranquilo donde dormir y sonar con aventuras bonitas
SP000659,Maria,La tortuga sabia enseno a los demas animales que la paciencia ayuda a llegar lejos
SP000660,Luis,El cachorro jugo con la pelota roja y corrio feliz por todo el jardin
SP000661,Juan,El nino ayudo a recoger los juguetes y dejo su habitacion limpia y ordenada
SP000662,Jose,Un pez dorado nado feliz en el lago claro mientras saludaba a sus amigos
SP000663,Mario,La nina leyo un cuento bonito y aprendio que ayudar a otros siempre trae alegria al corazon
SP000664,Pablo,La tortuga sabia enseno a los demas animales que la paciencia ayuda a llegar lejos
SP000665,Diego,El pajarito canto suave en la manana y lleno el aire con sonidos alegres
SP000666,Leo,El cachorro jugo con la pelota roja y corrio feliz por todo el jardin
SP000667,Alex,El pequeno conejo salto feliz por el campo verde mientras buscaba flores para su mejor amiga
SP000668,Tania,La nina sonrio contenta al ver que su dibujo estaba lleno de colores bonitos
SP000669,Eva,Un nino valiente ayudo a su hermana y juntos lograron construir una casa de arena
SP000670,Sara,El pequeno raton encontro un queso grande y lo compartio con sus nuevos amigos
SP000671,Laura,El pequeno raton encontro un queso grande y lo compartio con sus nuevos amigos
SP000672,Rosa,El pajarito canto suave en la manana y lleno el aire con sonidos alegres
SP000673,Sofia,La familia camino junta por el parque y disfruto de una tarde llena de risas
SP000674,Maria,El perro pequeno corrio junto a su dueno y jugo con una pelota azul bajo el sol
SP000675,Luis,La nina leyo un cuento bonito y aprendio que ayudar a otros siempre trae alegria al corazon
SP000676,Juan,El pequeno conejo salto feliz por el campo verde mientras buscaba flores para su mejor amiga
SP000677,Jose,El cachorro jugo con la pelota roja y corrio feliz por todo el jardin
SP000678,Mario,El nino ayudo a recoger los juguetes y dejo su habitacion limpia y ordenada
SP000679,Pablo,El perro pequeno corrio junto a su dueno y jugo con una pelota azul bajo el sol
SP000680,Diego,El nino ayudo a recoger los juguetes y dejo su habitacion limpia y ordenada
SP000681,Leo,El amigo fiel compartio su comida y mostro que la amistad hace los dias mejores
SP000682,Alex,Un pez dorado nado feliz en el lago claro mientras saludaba a sus amigos
SP000683,Tania,La nina sonrio contenta al ver que su dibujo estaba lleno de colores bonitos
SP000684,Eva,Un nino valiente ayudo a su hermana y juntos lograron construir una casa de arena
SP000685,Sara,La gatita blanca encontro un lugar tranquilo donde dormir y sonar con aventuras bonitas
SP000686,Laura,El perro pequeno corrio junto a su dueno y jugo con una pelota azul bajo el sol
SP000687,Rosa,La tortuga sabia enseno a los demas animales que la paciencia ayuda a llegar lejos
SP000688,Sofia,El perro pequeno corrio junto a su dueno y jugo con una pelota azul bajo el sol
SP000689,Maria,El cachorro jugo con la pelota roja y corrio feliz por todo el jardin
SP000690,Luis,La tortuga sabia enseno a los demas animales que la paciencia ayuda a llegar lejos
SP000691,Juan,Un pez dorado nado feliz en el lago claro mientras saludaba a sus amigos
SP000692,Jose,El nino ayudo a recoger los juguetes y dejo su habitacion limpia y ordenada
SP000693,Mario,La gatita blanca encontro un lugar tranquilo donde dormir y sonar con aventuras bonitas
SP000694,Pablo,El amigo fiel compartio su comida y mostro que la amistad hace los dias mejores
SP000695,Diego,El cachorro jugo con la pelota roja y corrio feliz por todo el jardin
SP000696,Leo,Un osito curioso camino por el bosque y encontro una estrella brillante que iluminaba su noche
SP000697,Alex,El cachorro jugo con la pelota roja y corrio feliz por todo el jardin
SP000698,Tania,La gatita blanca encontro un lugar tranquilo donde dormir y sonar con aventuras bonitas
SP000699,Eva,La nina leyo un cuento bonito y aprendio que ayudar a otros siempre trae alegria al corazon
SP000700,Sara,El amigo fiel compartio su comida y mostro que la amistad hace los dias mejores
SP000701,Laura,La nina sonrio contenta al ver que su dibujo estaba lleno de colores bonitos
SP000702,Rosa,El nino ayudo a recoger los juguetes y dejo su habitacion limpia y ordenada
SP000703,Sofia,El nino ayudo a recoger los juguetes y dejo su habitacion limpia y ordenada
SP000704,Maria,La nina leyo un cuento bonito y aprendio que ayudar a otros siempre trae alegria al corazon
SP000705,Luis,Un nino valiente ayudo a su hermana y juntos lograron construir una casa de arena
SP000706,Juan,El amigo fiel compartio su comida y mostro que la amistad hace los dias mejores
SP000707,Jose,El cachorro jugo con la pelota roja y corrio feliz por todo el jardin
SP000708,Mario,El pajarito canto suave en la manana y lleno el aire con sonidos alegres
SP000709,Pablo,Un nino valiente ayudo a su hermana y juntos lograron construir una casa de arena
SP000710,Diego,Un pez dorado nado feliz en el lago claro mientras saludaba a sus amigos
SP000711,Leo,La familia camino junta por el parque y disfruto de una tarde llena de risas
SP000712,Alex,La gatita blanca encontro un lugar tranquilo donde dormir y sonar con aventuras bonitas
SP000713,Tania,El nino ayudo a recoger los juguetes y dejo su habitacion limpia y ordenada
SP000714,Eva,El cachorro jugo con la pelota roja y corrio feliz por todo el jardin
SP000715,Sara,El pequeno conejo salto feliz por el campo verde mientras buscaba flores para su mejor amiga
SP000716,Laura,El perro pequeno corrio junto a su dueno y jugo con una pelota azul bajo el sol
SP000717,Rosa,El amigo fiel compartio su comida y mostro que la amistad hace los dias mejores
SP000718,Sofia,El pequeno conejo salto feliz por el campo verde mientras buscaba flores para su mejor amiga
SP000719,Maria,La tortuga sabia enseno a los demas animales que la paciencia ayuda a llegar lejos
SP000720,Luis,La familia camino junta por el parque y disfruto de una tarde llena de risas
SP000721,Juan,El pajarito canto suave en la manana y lleno el aire con sonidos alegres
SP000722,Jose,La tortuga sabia enseno a los demas animales que la paciencia ayuda a llegar lejos
SP000723,Mario,Un nino valiente ayudo a su hermana y juntos lograron construir una casa de arena
SP000724,Pablo,El amigo fiel compartio su comida y mostro que la amistad hace los dias mejores
SP000725,Diego,La nina leyo un cuento bonito y aprendio que ayudar a otros siempre trae alegria al corazon
SP000726,Leo,El cachorro jugo con la pelota roja y corrio feliz por todo el jardin
SP000727,Alex,El pajarito canto suave en la manana y lleno el aire con sonidos alegres
SP000728,Tania,Un pez dorado nado feliz en el lago claro mientras saludaba a sus amigos
SP000729,Eva,El cachorro jugo con la pelota roja y corrio feliz por todo el jardin
SP000730,Sara,La tortuga sabia enseno a los demas animales que la paciencia ayuda a llegar lejos
SP000731,Laura,La familia camino junta por el parque y disfruto de una tarde llena de risas
SP000732,Rosa,La nina leyo un cuento bonito y aprendio que ayudar a otros siempre trae alegria al corazon
SP000733,Sofia,El pajarito canto suave en la manana y lleno el aire con sonidos alegres
SP000734,Maria,El pequeno raton encontro un queso grande y lo compartio con sus nuevos amigos
SP000735,Luis,La gatita blanca encontro un lugar tranquilo donde dormir y sonar con aventuras bonitas
SP000736,Juan,Un pez dorado nado feliz en el lago claro mientras saludaba a sus amigos
SP000737,Jose,Un pez dorado nado feliz en el lago claro mientras saludaba a sus amigos
SP000738,Mario,El perro pequeno corrio junto a su dueno y jugo con una pelota azul bajo el sol
SP000739,Pablo,El cachorro jugo con la pelota roja y corrio feliz por todo el jardin
SP000740,Diego,Un osito curioso camino por el bosque y encontro una estrella brillante que iluminaba su noche
SP000741,Leo,La tortuga sabia enseno a los demas animales que la paciencia ayuda a llegar lejos
SP000742,Alex,Un nino valiente ayudo a su hermana y juntos lograron construir una casa de arena
SP000743,Tania,Un pez dorado nado feliz en el lago claro mientras saludaba a sus amigos
SP000744,Eva,Un pez dorado nado feliz en el lago claro mientras saludaba a sus amigos
SP000745,Sara,Un nino valiente ayudo a su hermana y juntos lograron construir una casa de arena
SP000746,Laura,El pequeno conejo salto feliz por el campo verde mientras buscaba flores para su mejor amiga
SP000747,Rosa,El pequeno conejo salto feliz por el campo verde mientras buscaba flores para su mejor amiga
SP000748,Sofia,La familia camino junta por el parque y disfruto de una tarde llena de risas
SP000749,Maria,La nina sonrio contenta al ver que su dibujo estaba lleno de colores bonitos
SP000750,Luis,La gatita blanca encontro un lugar tranquilo donde dormir y sonar con aventuras bonitas
SP000751,Juan,El amigo fiel compartio su comida y mostro que la amistad hace los dias mejores
SP000752,Jose,La familia camino junta por el parque y disfruto de una tarde llena de risas
SP000753,Mario,La gatita blanca encontro un lugar tranquilo donde dormir y sonar con aventuras bonitas
SP000754,Pablo,El nino ayudo a recoger los juguetes y dejo su habitacion limpia y ordenada
SP000755,Diego,El pajarito canto suave en la manana y lleno el aire con sonidos alegres
SP000756,Leo,La gatita blanca encontro un lugar tranquilo donde dormir y sonar con aventuras bonitas
SP000757,Alex,Un osito curioso camino por el bosque y encontro una estrella brillante que iluminaba su noche
SP000758,Tania,El nino ayudo a recoger los juguetes y dejo su habitacion limpia y ordenada
SP000759,Eva,La familia camino junta por el parque y disfruto de una tarde llena de risas
SP000760,Sara,La familia camino junta por el parque y disfruto de una tarde llena de risas
SP000761,Laura,El pajarito canto suave en la manana y lleno el aire con sonidos alegres
SP000762,Rosa,El cachorro jugo con la pelota roja y corrio feliz por todo el jardin
SP000763,Sofia,La familia camino junta por el parque y disfruto de una tarde llena de risas
SP000764,Maria,Un nino valiente ayudo a su hermana y juntos lograron construir una casa de arena
SP000765,Luis,El pajarito canto suave en la manana y lleno el aire con sonidos alegres
SP000766,Juan,La tortuga sabia enseno a los demas animales que la paciencia ayuda a llegar lejos
SP000767,Jose,El cachorro jugo con la pelota roja y corrio feliz por todo el jardin
SP000768,Mario,Un osito curioso camino por el bosque y encontro una estrella brillante que iluminaba su noche
SP000769,Pablo,El perro pequeno corrio junto a su dueno y jugo con una pelota azul bajo el sol
SP000770,Diego,La familia camino junta por el parque y disfruto de una tarde llena de risas
SP000771,Leo,El pajarito canto suave en la manana y lleno el aire con sonidos alegres
SP000772,Alex,La gatita blanca encontro un lugar tranquilo donde dormir y sonar con aventuras bonitas
SP000773,Tania,Un osito curioso camino por el bosque y encontro una estrella brillante que iluminaba su noche
SP000774,Eva,El pajarito canto suave en la manana y lleno el aire con sonidos alegres
SP000775,Sara,El pajarito canto suave en la manana y lleno el aire con sonidos alegres
SP000776,Laura,El amigo fiel compartio su comida y mostro que la amistad hace los dias mejores
SP000777,Rosa,El amigo fiel compartio su comida y mostro que la amistad hace los dias mejores
SP000778,Sofia,El pequeno raton encontro un queso grande y lo compartio con sus nuevos amigos
SP000779,Maria,El pequeno conejo salto feliz por el campo verde mientras buscaba flores para su mejor amiga
SP000780,Luis,El pequeno raton encontro un queso grande y lo compartio con sus nuevos amigos
SP000781,Juan,El amigo fiel compartio su comida y mostro que la amistad hace los dias mejores
SP000782,Jose,La tortuga sabia enseno a los demas animales que la paciencia ayuda a llegar lejos
SP000783,Mario,La nina leyo un cuento bonito y aprendio que ayudar a otros siempre trae alegria al corazon
SP000784,Pablo,Un pez dorado nado feliz en el lago claro mientras saludaba a sus amigos
SP000785,Diego,Un pez dorado nado feliz en el lago claro mientras saludaba a sus amigos
SP000786,Leo,El perro pequeno corrio junto a su dueno y jugo con una pelota azul bajo el sol
SP000787,Alex,El perro pequeno corrio junto a su dueno y jugo con una pelota azul bajo el sol
SP000788,Tania,El pajarito canto suave en la manana y lleno el aire con sonidos alegres
SP000789,Eva,El pequeno raton encontro un queso grande y lo compartio con sus nuevos amigos
SP000790,Sara,El cachorro jugo con la pelota roja y corrio feliz por todo el jardin
SP000791,Laura,Un nino valiente ayudo a su hermana y juntos lograron construir una casa de arena
SP000792,Rosa,Un osito curioso camino por el bosque y encontro una estrella brillante que iluminaba su noche
SP000793,Sofia,El perro pequeno corrio junto a su dueno y jugo con una pelota azul bajo el sol
SP000794,Maria,El amigo fiel compartio su comida y mostro que la amistad hace los dias mejores
SP000795,Luis,Un osito curioso camino por el bosque y encontro una estrella brillante que iluminaba su noche
SP000796,Juan,Un osito curioso camino por el bosque y encontro una estrella brillante que iluminaba su noche
SP000797,Jose,El nino ayudo a recoger los juguetes y dejo su habitacion limpia y ordenada
SP000798,Mario,La familia camino junta por el parque y disfruto de una tarde llena de risas
SP000799,Pablo,Un nino valiente ayudo a su hermana y juntos lograron construir una casa de arena
SP000800,Diego,La gatita blanca encontro un lugar tranquilo donde dormir y sonar con aventuras bonitas
SP000801,Leo,Un pez dorado nado feliz en el lago claro mientras saludaba a sus amigos
SP000802,Alex,Un nino valiente ayudo a su hermana y juntos lograron construir una casa de arena
SP000803,Tania,La gatita blanca encontro un lugar tranquilo donde dormir y sonar con aventuras bonitas
SP000804,Eva,El cachorro jugo con la pelota roja y corrio feliz por todo el jardin
SP000805,Sara,El pequeno conejo salto feliz por el campo verde mientras buscaba flores para su mejor amiga
SP000806,Laura,El amigo fiel compartio su comida y mostro que la amistad hace los dias mejores
SP000807,Rosa,El amigo fiel compartio su comida y mostro que la amistad hace los dias mejores
SP000808,Sofia,Un nino valiente ayudo a su hermana y juntos lograron construir una casa de arena
SP000809,Maria,El nino ayudo a recoger los juguetes y dejo su habitacion limpia y ordenada
SP000810,Luis,Un nino valiente ayudo a su hermana y juntos lograron construir una casa de arena
SP000811,Juan,La gatita blanca encontro un lugar tranquilo donde dormir y sonar con aventuras bonitas
SP000812,Jose,El pequeno raton encontro un queso grande y lo compartio con sus nuevos amigos
SP000813,Mario,El perro pequeno corrio junto a su dueno y jugo con una pelota azul bajo el sol
SP000814,Pablo,La familia camino junta por el parque y disfruto de una tarde llena de risas
SP000815,Diego,Un pez dorado nado feliz en el lago claro mientras saludaba a sus amigos
SP000816,Leo,El amigo fiel compartio su comida y mostro que la amistad hace los dias mejores
SP000817,Alex,El cachorro jugo con la pelota roja y corrio feliz por todo el jardin
SP000818,Tania,La familia camino junta por el parque y disfruto de una tarde llena de risas
SP000819,Eva,El cachorro jugo con la pelota roja y corrio feliz por todo el jardin
SP000820,Sara,Un pez dorado nado feliz en el lago claro mientras saludaba a sus amigos
SP000821,Laura,El pequeno raton encontro un queso grande y lo compartio con sus nuevos amigos
SP000822,Rosa,La familia camino junta por el parque y disfruto de una tarde llena de risas
SP000823,Sofia,La gatita blanca encontro un lugar tranquilo donde dormir y sonar con aventuras bonitas
SP000824,Maria,El pajarito canto suave en la manana y lleno el aire con sonidos alegres
SP000825,Luis,La gatita blanca encontro un lugar tranquilo donde dormir y sonar con aventuras bonitas
SP000826,Juan,El pequeno conejo salto feliz por el campo verde mientras buscaba flores para su mejor amiga
SP000827,Jose,Un pez dorado nado feliz en el lago claro mientras saludaba a sus amigos
SP000828,Mario,El cachorro jugo con la pelota roja y corrio feliz por todo el jardin
SP000829,Pablo,La nina leyo un cuento bonito y aprendio que ayudar a otros siempre trae alegria al corazon
SP000830,Diego,La nina sonrio contenta al ver que su dibujo estaba lleno de colores bonitos
SP000831,Leo,Un nino valiente ayudo a su hermana y juntos lograron construir una casa de arena
SP000832,Alex,El pequeno raton encontro un queso grande y lo compartio con sus nuevos amigos
SP000833,Tania,El pajarito canto suave en la manana y lleno el aire con sonidos alegres
SP000834,Eva,Un osito curioso camino por el bosque y encontro una estrella brillante que iluminaba su noche
SP000835,Sara,El pajarito canto suave en la manana y lleno el aire con sonidos alegres
SP000836,Laura,El amigo fiel compartio su comida y mostro que la amistad hace los dias mejores
SP000837,Rosa,El cachorro jugo con la pelota roja y corrio feliz por todo el jardin
SP000838,Sofia,El nino ayudo a recoger los juguetes y dejo su habitacion limpia y ordenada
SP000839,Maria,Un pez dorado nado feliz en el lago claro mientras saludaba a sus amigos
SP000840,Luis,La familia camino junta por el parque y disfruto de una tarde llena de risas
SP000841,Juan,Un pez dorado nado feliz en el lago claro mientras saludaba a sus amigos
SP000842,Jose,La nina sonrio contenta al ver que su dibujo estaba lleno de colores bonitos
SP000843,Mario,El nino ayudo a recoger los juguetes y dejo su habitacion limpia y ordenada
SP000844,Pablo,El pajarito canto suave en la manana y lleno el aire con sonidos alegres
SP000845,Diego,El amigo fiel compartio su comida y mostro que la amistad hace los dias mejores
SP000846,Leo,El pequeno conejo salto feliz por el campo verde mientras buscaba flores para su mejor amiga
SP000847,Alex,La tortuga sabia enseno a los demas animales que la paciencia ayuda a llegar lejos
SP000848,Tania,La gatita blanca encontro un lugar tranquilo donde dormir y sonar con aventuras bonitas
SP000849,Eva,La nina leyo un cuento bonito y aprendio que ayudar a otros siempre trae alegria al corazon
SP000850,Sara,El nino ayudo a recoger los juguetes y dejo su habitacion limpia y ordenada
SP000851,Laura,Un osito curioso camino por el bosque y encontro una estrella brillante que iluminaba su noche
SP000852,Rosa,El amigo fiel compartio su comida y mostro que la amistad hace los dias mejores
SP000853,Sofia,La nina sonrio contenta al ver que su dibujo estaba lleno de colores bonitos
SP000854,Maria,El perro pequeno corrio junto a su dueno y jugo con una pelota azul bajo el sol
SP000855,Luis,El perro pequeno corrio junto a su dueno y jugo con una pelota azul bajo el sol
SP000856,Juan,La familia camino junta por el parque y disfruto de una tarde llena de risas
SP000857,Jose,La nina sonrio contenta al ver que su dibujo estaba lleno de colores bonitos
SP000858,Mario,El pequeno conejo salto feliz por el campo verde mientras buscaba flores para su mejor amiga
SP000859,Pablo,El amigo fiel compartio su comida y mostro que la amistad hace los dias mejores
SP000860,Diego,La gatita blanca encontro un lugar tranquilo donde dormir y sonar con aventuras bonitas
SP000861,Leo,El pequeno conejo salto feliz por el campo verde mientras buscaba flores para su mejor amiga
SP000862,Alex,El amigo fiel compartio su comida y mostro que la amistad hace los dias mejores
SP000863,Tania,El pequeno raton encontro un queso grande y lo compartio con sus nuevos amigos
SP000864,Eva,El pequeno raton encontro un queso grande y lo compartio con sus nuevos amigos
SP000865,Sara,El pequeno conejo salto feliz por el campo verde mientras buscaba flores para su mejor amiga
SP000866,Laura,El pequeno raton encontro un queso grande y lo compartio con sus nuevos amigos
SP000867,Rosa,El pequeno conejo salto feliz por el campo verde mientras buscaba flores para su mejor amiga
SP000868,Sofia,Un pez dorado nado feliz en el lago claro mientras saludaba a sus amigos
SP000869,Maria,El perro pequeno corrio junto a su dueno y jugo con una pelota azul bajo el sol
SP000870,Luis,El amigo fiel compartio su comida y mostro que la amistad hace los dias mejores
SP000871,Juan,La nina sonrio contenta al ver que su dibujo estaba lleno de colores bonitos
SP000872,Jose,El cachorro jugo con la pelota roja y corrio feliz por todo el jardin
SP000873,Mario,Un nino valiente ayudo a su hermana y juntos lograron construir una casa de arena
SP000874,Pablo,La familia camino junta por el parque y disfruto de una tarde llena de risas
SP000875,Diego,Un nino valiente ayudo a su hermana y juntos lograron construir una casa de arena
SP000876,Leo,La familia camino junta por el parque y disfruto de una tarde llena de risas
SP000877,Alex,La nina sonrio contenta al ver que su dibujo estaba lleno de colores bonitos
SP000878,Tania,Un pez dorado nado feliz en el lago claro mientras saludaba a sus amigos
SP000879,Eva,Un osito curioso camino por el bosque y encontro una estrella brillante que iluminaba su noche
SP000880,Sara,El cachorro jugo con la pelota roja y corrio feliz por todo el jardin
SP000881,Laura,La nina sonrio contenta al ver que su dibujo estaba lleno de colores bonitos
SP000882,Rosa,Un nino valiente ayudo a su hermana y juntos lograron construir una casa de arena
SP000883,Sofia,La nina leyo un cuento bonito y aprendio que ayudar a otros siempre trae alegria al corazon
SP000884,Maria,La nina leyo un cuento bonito y aprendio que ayudar a otros siempre trae alegria al corazon
SP000885,Luis,El perro pequeno corrio junto a su dueno y jugo con una pelota azul bajo el sol
SP000886,Juan,La nina sonrio contenta al ver que su dibujo estaba lleno de colores bonitos
SP000887,Jose,La tortuga sabia enseno a los demas animales que la paciencia ayuda a llegar lejos
SP000888,Mario,La tortuga sabia enseno a los demas animales que la paciencia ayuda a llegar lejos
SP000889,Pablo,La tortuga sabia enseno a los demas animales que la paciencia ayuda a llegar lejos
SP000890,Diego,La gatita blanca encontro un lugar tranquilo donde dormir y sonar con aventuras bonitas
SP000891,Leo,Un pez dorado nado feliz en el lago claro mientras saludaba a sus amigos
SP000892,Alex,La tortuga sabia enseno a los demas animales que la paciencia ayuda a llegar lejos
SP000893,Tania,Un pez dorado nado feliz en el lago claro mientras saludaba a sus amigos
SP000894,Eva,El perro pequeno corrio junto a su dueno y jugo con una pelota azul bajo el sol
SP000895,Sara,La tortuga sabia enseno a los demas animales que la paciencia ayuda a llegar lejos
SP000896,Laura,Un osito curioso camino por el bosque y encontro una estrella brillante que iluminaba su noche
SP000897,Rosa,El perro pequeno corrio junto a su dueno y jugo con una pelota azul bajo el sol
SP000898,Sofia,El pajarito canto suave en la manana y lleno el aire con sonidos alegres
SP000899,Maria,El nino ayudo a recoger los juguetes y dejo su habitacion limpia y ordenada
SP000900,Luis,El pequeno conejo salto feliz por el campo verde mientras buscaba flores para su mejor amiga
SP000901,Juan,Un osito curioso camino por el bosque y encontro una estrella brillante que iluminaba su noche
SP000902,Jose,El perro pequeno corrio junto a su dueno y jugo con una pelota azul bajo el sol
SP000903,Mario,Un nino valiente ayudo a su hermana y juntos lograron construir una casa de arena
SP000904,Pablo,La familia camino junta por el parque y disfruto de una tarde llena de risas
SP000905,Diego,La nina sonrio contenta al ver que su dibujo estaba lleno de colores bonitos
SP000906,Leo,Un nino valiente ayudo a su hermana y juntos lograron construir una casa de arena
SP000907,Alex,El nino ayudo a recoger los juguetes y dejo su habitacion limpia y ordenada
SP000908,Tania,La familia camino junta por el parque y disfruto de una tarde llena de risas
SP000909,Eva,El pequeno raton encontro un queso grande y lo compartio con sus nuevos amigos
SP000910,Sara,El pequeno raton encontro un queso grande y lo compartio con sus nuevos amigos
SP000911,Laura,El pajarito canto suave en la manana y lleno el aire con sonidos alegres
SP000912,Rosa,El pajarito canto suave en la manana y lleno el aire con sonidos alegres
SP000913,Sofia,El amigo fiel compartio su comida y mostro que la amistad hace los dias mejores
SP000914,Maria,El pequeno conejo salto feliz por el campo verde mientras buscaba flores para su mejor amiga
SP000915,Luis,Un pez dorado nado feliz en el lago claro mientras saludaba a sus amigos
SP000916,Juan,El pequeno raton encontro un queso grande y lo compartio con sus nuevos amigos
SP000917,Jose,Un pez dorado nado feliz en el lago claro mientras saludaba a sus amigos
SP000918,Mario,La familia camino junta por el parque y disfruto de una tarde llena de risas
SP000919,Pablo,Un osito curioso camino por el bosque y encontro una estrella brillante que iluminaba su noche
SP000920,Diego,La familia camino junta por el parque y disfruto de una tarde llena de risas
SP000921,Leo,El pequeno conejo salto feliz por el campo verde mientras buscaba flores para su mejor amiga
SP000922,Alex,Un pez dorado nado feliz en el lago claro mientras saludaba a sus amigos
SP000923,Tania,El cachorro jugo con la pelota roja y corrio feliz por todo el jardin
SP000924,Eva,Un pez dorado nado feliz en el lago claro mientras saludaba a sus amigos
SP000925,Sara,El cachorro jugo con la pelota roja y corrio feliz por todo el jardin
SP000926,Laura,La nina sonrio contenta al ver que su dibujo estaba lleno de colores bonitos
SP000927,Rosa,El pequeno conejo salto feliz por el campo verde mientras buscaba flores para su mejor amiga
SP000928,Sofia,El pequeno conejo salto feliz por el campo verde mientras buscaba flores para su mejor amiga
SP000929,Maria,El pequeno conejo salto feliz por el campo verde mientras buscaba flores para su mejor amiga
SP000930,Luis,El pequeno raton encontro un queso grande y lo compartio con sus nuevos amigos
SP000931,Juan,La gatita blanca encontro un lugar tranquilo donde dormir y sonar con aventuras bonitas
SP000932,Jose,El pequeno raton encontro un queso grande y lo compartio con sus nuevos amigos
SP000933,Mario,El perro pequeno corrio junto a su dueno y jugo con una pelota azul bajo el sol
SP000934,Pablo,El cachorro jugo con la pelota roja y corrio feliz por todo el jardin
SP000935,Diego,La nina leyo un cuento bonito y aprendio que ayudar a otros siempre trae alegria al corazon
SP000936,Leo,Un pez dorado nado feliz en el lago claro mientras saludaba a sus amigos
SP000937,Alex,La tortuga sabia enseno a los demas animales que la paciencia ayuda a llegar lejos
SP000938,Tania,La gatita blanca encontro un lugar tranquilo donde dormir y sonar con aventuras bonitas
SP000939,Eva,La tortuga sabia enseno a los demas animales que la paciencia ayuda a llegar lejos
SP000940,Sara,El perro pequeno corrio junto a su dueno y jugo con una pelota azul bajo el sol
SP000941,Laura,Un osito curioso camino por el bosque y encontro una estrella brillante que iluminaba su noche
SP000942,Rosa,El pajarito canto suave en la manana y lleno el aire con sonidos alegres
SP000943,Sofia,La nina sonrio contenta al ver que su dibujo estaba lleno de colores bonitos
SP000944,Maria,Un nino valiente ayudo a su hermana y juntos lograron construir una casa de arena
SP000945,Luis,El pequeno raton encontro un queso grande y lo compartio con sus nuevos amigos
SP000946,Juan,La nina leyo un cuento bonito y aprendio que ayudar a otros siempre trae alegria al corazon
SP000947,Jose,Un osito curioso camino por el bosque y encontro una estrella brillante que iluminaba su noche
SP000948,Mario,La familia camino junta por el parque y disfruto de una tarde llena de risas
SP000949,Pablo,Un osito curioso camino por el bosque y encontro una estrella brillante que iluminaba su noche
SP000950,Diego,El pajarito canto suave en la manana y lleno el aire con sonidos alegres
SP000951,Leo,Un pez dorado nado feliz en el lago claro mientras saludaba a sus amigos
SP000952,Alex,El amigo fiel compartio su comida y mostro que la amistad hace los dias mejores
SP000953,Tania,El cachorro jugo con la pelota roja y corrio feliz por todo el jardin
SP000954,Eva,El pequeno raton encontro un queso grande y lo compartio con sus nuevos amigos
SP000955,Sara,La gatita blanca encontro un lugar tranquilo donde dormir y sonar con aventuras bonitas
SP000956,Laura,El nino ayudo a recoger los juguetes y dejo su habitacion limpia y ordenada
SP000957,Rosa,La nina sonrio contenta al ver que su dibujo estaba lleno de colores bonitos
SP000958,Sofia,La nina leyo un cuento bonito y aprendio que ayudar a otros siempre trae alegria al corazon
SP000959,Maria,El pequeno conejo salto feliz por el campo verde mientras buscaba flores para su mejor amiga
SP000960,Luis,La tortuga sabia enseno a los demas animales que la paciencia ayuda a llegar lejos
SP000961,Juan,La familia camino junta por el parque y disfruto de una tarde llena de risas
SP000962,Jose,El pequeno raton encontro un queso grande y lo compartio con sus nuevos amigos
SP000963,Mario,El nino ayudo a recoger los juguetes y dejo su habitacion limpia y ordenada
SP000964,Pablo,El cachorro jugo con la pelota roja y corrio feliz por todo el jardin
SP000965,Diego,Un pez dorado nado feliz en el lago claro mientras saludaba a sus amigos
SP000966,Leo,La nina sonrio contenta al ver que su dibujo estaba lleno de colores bonitos
SP000967,Alex,La familia camino junta por el parque y disfruto de una tarde llena de risas
SP000968,Tania,El pequeno conejo salto feliz por el campo verde mientras buscaba flores para su mejor amiga
SP000969,Eva,El amigo fiel compartio su comida y mostro que la amistad hace los dias mejores
SP000970,Sara,Un nino valiente ayudo a su hermana y juntos lograron construir una casa de arena
SP000971,Laura,La nina sonrio contenta al ver que su dibujo estaba lleno de colores bonitos
SP000972,Rosa,El perro pequeno corrio junto a su dueno y jugo con una pelota azul bajo el sol
SP000973,Sofia,El perro pequeno corrio junto a su dueno y jugo con una pelota azul bajo el sol
SP000974,Maria,La familia camino junta por el parque y disfruto de una tarde llena de risas
SP000975,Luis,Un osito curioso camino por el bosque y encontro una estrella brillante que iluminaba su noche
SP000976,Juan,La tortuga sabia enseno a los demas animales que la paciencia ayuda a llegar lejos
SP000977,Jose,La nina leyo un cuento bonito y aprendio que ayudar a otros siempre trae alegria al corazon
SP000978,Mario,La nina leyo un cuento bonito y aprendio que ayudar a otros siempre trae alegria al corazon
SP000979,Pablo,El pajarito canto suave en la manana y lleno el aire con sonidos alegres
SP000980,Diego,La tortuga sabia enseno a los demas animales que la paciencia ayuda a llegar lejos
SP000981,Leo,La nina sonrio contenta al ver que su dibujo estaba lleno de colores bonitos
SP000982,Alex,La tortuga sabia enseno a los demas animales que la paciencia ayuda a llegar lejos
SP000983,Tania,El perro pequeno corrio junto a su dueno y jugo con una pelota azul bajo el sol
SP000984,Eva,La tortuga sabia enseno a los demas animales que la paciencia ayuda a llegar lejos
SP000985,Sara,Un nino valiente ayudo a su hermana y juntos lograron construir una casa de arena
SP000986,Laura,El pequeno conejo salto feliz por el campo verde mientras buscaba flores para su mejor amiga
SP000987,Rosa,Un osito curioso camino por el bosque y encontro una estrella brillante que iluminaba su noche
SP000988,Sofia,El perro pequeno corrio junto a su dueno y jugo con una pelota azul bajo el sol
SP000989,Maria,El pequeno conejo salto feliz por el campo verde mientras buscaba flores para su mejor amiga
SP000990,Luis,El nino ayudo a recoger los juguetes y dejo su habitacion limpia y ordenada
SP000991,Juan,El pequeno raton encontro un queso grande y lo compartio con sus nuevos amigos
SP000992,Jose,Un nino valiente ayudo a su hermana y juntos lograron construir una casa de arena
SP000993,Mario,La nina sonrio contenta al ver que su dibujo estaba lleno de colores bonitos
SP000994,Pablo,El pequeno conejo salto feliz por el campo verde mientras buscaba flores para su mejor amiga
SP000995,Diego,El pajarito canto suave en la manana y lleno el aire con sonidos alegres
SP000996,Leo,El perro pequeno corrio junto a su dueno y jugo con una pelota azul bajo el sol
SP000997,Alex,El pajarito canto suave en la manana y lleno el aire con sonidos alegres
SP000998,Tania,La tortuga sabia enseno a los demas animales que la paciencia ayuda a llegar lejos
SP000999,Eva,Un nino valiente ayudo a su hermana y juntos lograron construir una casa de arena
